"","clim","curve_1","curve_2","curve_3","curve_4","curve_5","curve_6","curve_7","curve_8","curve_9","curve_10","curve_11","curve_12","curve_13","curve_14","curve_15","curve_16","curve_17","curve_18","curve_19","curve_20","curve_21","curve_22","curve_23","curve_24","curve_25","curve_26","curve_27","curve_28","curve_29","curve_30","curve_31","curve_32","curve_33","curve_34","curve_35","curve_36","curve_37","curve_38","curve_39","curve_40","curve_41","curve_42","curve_43","curve_44","curve_45","curve_46"
"0.1",0.1,0,0,0,0,0,0,0,0,0,0,0,0,0,0,0,0,0,0,0,0,0,0,0,0,0,0,0,0,0,0,0,0,0,0,0,0,0,0,0,0,0,0,0,0,0,0
"0.2",0.2,0,0,0,0,0,0,0,0,0,0,0,0,0,0,0,0,0,0,0,0,0,0,0,0,0,0,0,0,0,0,0,0,0,0,0,0,0,0,0,0,0,0,0,0,0,0
"0.3",0.3,0,0,0,0,0,0,0,0,0,0,0,0,0,0,0,0,0,0,0,0,0,0,0,0,0,0,0,0,0,0,0,0,0,0,0,0,0,0,0,0,0,0,0,0,0,0
"0.4",0.4,0,0,0,0,0,0,0,0,0,0,0,0,0,0,0,0,0,0,0,0,0,0,0,0,0,0,0,0,0,0,0,0,0,0,0,0,0,0,0,0,0,0,0,0,0,0
"0.5",0.5,0,0,0,0,0,0,0,0,0,0,0,0,0,0,0,0,0,0,0,0,0,0,0,0,0,0,0,0,0,0,0,0,0,0,0,0,0,0,0,0,0,0,0,0,0,0
"0.6",0.6,0,0,0,0,0,0,0,0,0,0,0,0,0,0,0,0,0,0,0,0,0,0,0,0,0,0,0,0,0,0,0,0,0,0,0,0,0,0,0,0,0,0,0,0,0,0
"0.7",0.7,0,0,0,0,0,0,0,0,0,0,0,0,0,0,0,0,0,0,0,0,0,0,0,0,0,0,0,0,0,0,0,0,0,0,0,0,0,0,0,0,0,0,0,0,0,0
"0.8",0.8,0,0,0,0,0,0,0,0,0,0,0,0,0,0,0,0,0,0,0,0,0,0,0,0,0,0,0,0,0,0,0,0,0,0,0,0,0,0,0,0,0,0,0,0,0,0
"0.9",0.9,0,0,0,0,0,0,0,0,0,0,0,0,0,0,0,0,0,0,0,0,0,0,0,0,0,0,0,0,0,0,0,0,0,0,0,0,0,0,0,0,0,0,0,0,0,0
"1",1,0,0,0,0,0,0,0,0,0,0,0,0,0,0,0,0,0,0,0,0,0,0,0,0,0,0,0,0,0,0,0,0,0,0,0,0,0,0,0,0,0,0,0,0,0,0
"1.1",1.1,0,0,0,0,0,0,0,0,0,0,0,0,0,0,0,0,0,0,0,0,0,0,0,0,0,0,0,0,0,0,0,0,0,0,0,0,0,0,0,0,0,0,0,0,0,0
"1.2",1.2,0,0,0,0,0,0,0,0,0,0,0,0,0,0,0,0,0,0,0,0,0,0,0,0,0,0,0,0,0,0,0,0,0,0,0,0,0,0,0,0,0,0,0,0,0,0
"1.3",1.3,0,0,0,0,0,0,0,0,0,0,0,0,0,0,0,0,0,0,0,0,0,0,0,0,0,0,0,0,0,0,0,0,0,0,0,0,0,0,0,0,0,0,0,0,0,0
"1.4",1.4,0,0,0,0,0,0,0,0,0,0,0,0,0,0,0,0,0,0,0,0,0,0,0,0,0,0,0,0,0,0,0,0,0,0,0,0,0,0,0,0,0,0,0,0,0,0
"1.5",1.5,0,0,0,0,0,0,0,0,0,0,0,0,0,0,0,0,0,0,0,0,0,0,0,0,0,0,0,0,0,0,0,0,0,0,0,0,0,0,0,0,0,0,0,0,0,0
"1.6",1.6,0,0,0,0,0,0,0,0,0,0,0,0,0,0,0,0,0,0,0,0,0,0,0,0,0,0,0,0,0,0,0,0,0,0,0,0,0,0,0,0,0,0,0,0,0,0
"1.7",1.7,0,0,0,0,0,0,0,0,0,0,0,0,0,0,0,0,0,0,0,0,0,0,0,0,0,0,0,0,0,0,0,0,0,0,0,0,0,0,0,0,0,0,0,0,0,0
"1.8",1.8,0,0,0,0,0,0,0,0,0,0,0,0,0,0,0,0,0,0,0,0,0,0,0,0,0,0,0,0,0,0,0,0,0,0,0,0,0,0,0,0,0,0,0,0,0,0
"1.9",1.9,0,0,0,0,0,0,0,0,0,0,0,0,0,0,0,0,0,0,0,0,0,0,0,0,0,0,0,0,0,0,0,0,0,0,0,0,0,0,0,0,0,0,0,0,0,0
"2",2,0,0,0,0,0,0,0,0,0,0,0,0,0,0,0,0,0,0,0,0,0,0,0,0,0,0,0,0,0,0,0,0,0,0,0,0,0,0,0,0,0,0,0,0,0,0
"2.1",2.1,0,0,0,0,0,0,0,0,0,0,0,0,0,0,0,0,0,0,0,0,0,0,0,0,0,0,0,0,0,0,0,0,0,0,0,0,0,0,0,0,0,0,0,0,0,0
"2.2",2.2,0,0,0,0,0,0,0,0,0,0,0,0,0,0,0,0,0,0,0,0,0,0,0,0,0,0,0,0,0,0,0,0,0,0,0,0,0,0,0,0,0,0,0,0,0,0
"2.3",2.3,0,0,0,0,0,0,0,0,0,0,0,0,0,0,0,0,0,0,0,0,0,0,0,0,0,0,0,0,0,0,0,0,0,0,0,0,0,0,0,0,0,0,0,0,0,0
"2.4",2.4,0,0,0,0,0,0,0,0,0,0,0,0,0,0,0,0,0,0,0,0,0,0,0,0,0,0,0,0,0,0,0,0,0,0,0,0,0,0,0,0,0,0,0,0,0,0
"2.5",2.5,0,0,0,0,0,0,0,0,0,0,0,0,0,0,0,0,0,0,0,0,0,0,0,0,0,0,0,0,0,0,0,0,0,0,0,0,0,0,0,0,0,0,0,0,0,0
"2.6",2.6,0,0,0,0,0,0,0,0,0,0,0,0,0,0,0,0,0,0,0,0,0,0,0,0,0,0,0,0,0,0,0,0,0,0,0,0,0,0,0,0,0,0,0,0,0,0
"2.7",2.7,0,0,0,0,0,0,0,0,0,0,0,0,0,0,0,0,0,0,0,0,0,0,0,0,0,0,0,0,0,0,0,0,0,0,0,0,0,0,0,0,0,0,0,0,0,0
"2.8",2.8,0,0,0,0,0,0,0,0,0,0,0,0,0,0,0,0,0,0,0,0,0,0,0,0,0,0,0,0,0,0,0,0,0,0,0,0,0,0,0,0,0,0,0,0,0,0
"2.9",2.9,0,0,0,0,0,0,0,0,0,0,0,0,0,0,0,0,0,0,0,0,0,0,0,0,0,0,0,0,0,0,0,0,0,0,0,0,0,0,0,0,0,0,0,0,0,0
"3",3,0,0,0,0,0,0,0,0,0,0,0,0,0,0,0,0,0,0,0,0,0,0,0,0,0,0,0,0,0,0,0,0,0,0,0,0,0,0,0,0,0,0,0,0,0,0
"3.1",3.1,0,0,0,0,0,0,0,0,0,0,0,0,0,0,0,0,0,0,0,0,0,0,0,0,0,0,0,0,0,0,0,0,0,0,0,0,0,0,0,0,0,0,0,0,0,0
"3.2",3.2,0,0,0,0,0,0,0,0,0,0,0,0,0,0,0,0,0,0,0,0,0,0,0,0,0,0,0,0,0,0,0,0,0,0,0,0,0,0,0,0,0,0,0,0,0,0
"3.3",3.3,0,0,0,0,0,0,0,0,0,0,0,0,0,0,0,0,0,0,0,0,0,0,0,0,0,0,0,0,0,0,0,0,0,0,0,0,0,0,0,0,0,0,0,0,0,0
"3.4",3.4,0,0,0,0,0,0,0,0,0,0,0,0,0,0,0,0,0,0,0,0,0,0,0,0,0,0,0,0,0,0,0,0,0,0,0,0,0,0,0,0,0,0,0,0,0,0
"3.5",3.5,0,0,0,0,0,0,0,0,0,0,0,0,0,0,0,0,0,0,0,0,0,0,0,0,0,0,0,0,0,0,0,0,0,0,0,0,0,0,0,0,0,0,0,0,0,0
"3.6",3.6,0,0,0,0,0,0,0,0,0,0,0,0,0,0,0,0,0,0,0,0,0,0,0,0,0,0,0,0,0,0,0,0,0,0,0,0,0,0,0,0,0,0,0,0,0,0
"3.7",3.7,0,0,0,0,0,0,0,0,0,0,0,0,0,0,0,0,0,0,0,0,0,0,0,0,0,0,0,0,0,0,0,0,0,0,0,0,0,0,0,0,0,0,0,0,0,0
"3.8",3.8,0,0,0,0,0,0,0,0,0,0,0,0,0,0,0,0,0,0,0,0,0,0,0,0,0,0,0,0,0,0,0,0,0,0,0,0,0,0,0,0,0,0,0,0,0,0
"3.9",3.9,0,0,0,0,0,0,0,0,0,0,0,0,0,0,0,0,0,0,0,0,0,0,0,0,0,0,0,0,0,0,0,0,0,0,0,0,0,0,0,0,0,0,0,0,0,0
"4",4,0,0,0,0,0,0,0,0,0,0,0,0,0,0,0,0,0,0,0,0,0,0,0,0,0,0,0,0,0,0,0,0,0,0,0,0,0,0,0,0,0,0,0,0,0,0
"4.1",4.1,0,0,0,0,0,0,0,0,0,0,0,0,0,0,0,0,0,0,0,0,0,0,0,0,0,0,0,0,0,0,0,0,0,0,0,0,0,0,0,0,0,0,0,0,0,0
"4.2",4.2,0,0,0,0,0,0,0,0,0,0,0,0,0,0,0,0,0,0,0,0,0,0,0,0,0,0,0,0,0,0,0,0,0,0,0,0,0,0,0,0,0,0,0,0,0,0
"4.3",4.3,0,0,0,0,0,0,0,0,0,0,0,0,0,0,0,0,0,0,0,0,0,0,0,0,0,0,0,0,0,0,0,0,0,0,0,0,0,0,0,0,0,0,0,0,0,0
"4.4",4.4,0,0,0,0,0,0,0,0,0,0,0,0,0,0,0,0,0,0,0,0,0,0,0,0,0,0,0,0,0,0,0,0,0,0,0,0,0,0,0,0,0,0,0,0,0,0
"4.5",4.5,0,0,0,0,0,0,0,0,0,0,0,0,0,0,0,0,0,0,0,0,0,0,0,0,0,0,0,0,0,0,0,0,0,0,0,0,0,0,0,0,0,0,0,0,0,0
"4.6",4.6,0,0,0,0,0,0,0,0,0,0,0,0,0,0,0,0,0,0,0,0,0,0,0,0,0,0,0,0,0,0,0,0,0,0,0,0,0,0,0,0,0,0,0,0,0,0
"4.7",4.7,0,0,0,0,0,0,0,0,0,0,0,0,0,0,0,0,0,0,0,0,0,0,0,0,0,0,0,0,0,0,0,0,0,0,0,0,0,0,0,0,0,0,0,0,0,0
"4.8",4.8,0,0,0,0,0,0,0,0,0,0,0,0,0,0,0,0,0,0,0,0,0,0,0,0,0,0,0,0,0,0,0,0,0,0,0,0,0,0,0,0,0,0,0,0,0,0
"4.9",4.9,0,0,0,0,0,0,0,0,0,0,0,0,0,0,0,0,0,0,0,0,0,0,0,0,0,0,0,0,0,0,0,0,0,0,0,0,0,0,0,0,0,0,0,0,0,0
"5",5,0,0,0,0,0,0,0,0,0,0,0,0,0,0,0,0,0,0,0,0,0,0,0,0,0,0,0,0,0,0,0,0,0,0,0,0,0,0,0,0,0,0,0,0,0,0
"5.1",5.1,0,0,0,0,0,0,0,0,0,0,0,0,0,0,0,0,0,0,0,0,0,0,0,0,0,0,0,0,0,0,0,0,0,0,0,0,0,0,0,0,0,0,0,0,0,0
"5.2",5.2,0,0,0,0,0,0,0,0,0,0,0,0,0,0,0,0,0,0,0,0,0,0,0,0,0,0,0,0,0,0,0,0,0,0,0,0,0,0,0,0,0,0,0,0,0,0
"5.3",5.3,0,0,0,0,0,0,0,0,0,0,0,0,0,0,0,0,0,0,0,0,0,0,0,0,0,0,0,0,0,0,0,0,0,0,0,0,0,0,0,0,0,0,0,0,0,0
"5.4",5.4,0,0,0,0,0,0,0,0,0,0,0,0,0,0,0,0,0,0,0,0,0,0,0,0,0,0,0,0,0,0,0,0,0,0,0,0,0,0,0,0,0,0,0,0,0,0
"5.5",5.5,0,0,0,0,0,0,0,0,0,0,0,0,0,0,0,0,0,0,0,0,0,0,0,0,0,0,0,0,0,0,0,0,0,0,0,0,0,0,0,0,0,0,0,0,0,0
"5.6",5.6,0,0,0,0,0,0,0,0,0,0,0,0,0,0,0,0,0,0,0,0,0,0,0,0,0,0,0,0,0,0,0,0,0,0,0,0,0,0,0,0,0,0,0,0,0,0
"5.7",5.7,0,0,0,0,0,0,0,0,0,0,0,0,0,0,0,0,0,0,0,0,0,0,0,0,0,0,0,0,0,0,0,0,0,0,0,0,0,0,0,0,0,0,0,0,0,0
"5.8",5.8,0,0,0,0,0,0,0,0,0,0,0,0,0,0,0,0,0,0,0,0,0,0,0,0,0,0,0,0,0,0,0,0,0,0,0,0,0,0,0,0,0,0,0,0,0,0
"5.9",5.9,0,0,0,0,0,0,0,0,0,0,0,0,0,0,0,0,0,0,0,0,0,0,0,0,0,0,0,0,0,0,0,0,0,0,0,0,0,0,0,0,0,0,0,0,0,0
"6",6,0,0,0,0,0,0,0,0,0,0,0,0,0,0,0,0,0,0,0,0,0,0,0,0,0,0,0,0,0,0,0,0,0,0,0,0,0,0,0,0,0,0,0,0,0,0
"6.1",6.1,0,0,0,0,0,0,0,0,0,0,0,0,0,0,0,0,0,0,0,0,0,0,0,0,0,0,0,0,0,0,0,0,0,0,0,0,0,0,0,0,0,0,0,0,0,0
"6.2",6.2,0,0,0,0,0,0,0,0,0,0,0,0,0,0,0,0,0,0,0,0,0,0,0,0,0,0,0,0,0,0,0,0,0,0,0,0,0,0,0,0,0,0,0,0,0,0
"6.3",6.3,0,0,0,0,0,0,0,0,0,0,0,0,0,0,0,0,0,0,0,0,0,0,0,0,0,0,0,0,0,0,0,0,0,0,0,0,0,0,0,0,0,0,0,0,0,0
"6.4",6.4,0,0,0,0,0,0,0,0,0,0,0,0,0,0,0,0,0,0,0,0,0,0,0,0,0,0,0,0,0,0,0,0,0,0,0,0,0,0,0,0,0,0,0,0,0,0
"6.5",6.5,0,0,0,0,0,0,0,0,0,0,0,0,0,0,0,0,0,0,0,0,0,0,0,0,0,0,0,0,0,0,0,0,0,0,0,0,0,0,0,0,0,0,0,0,0,0
"6.6",6.6,0,0,0,0,0,0,0,0,0,0,0,0,0,0,0,0,0,0,0,0,0,0,0,0,0,0,0,0,0,0,0,0,0,0,0,0,0,0,0,0,0,0,0,0,0,0
"6.7",6.7,0,0,0,0,0,0,0,0,0,0,0,0,0,0,0,0,0,0,0,0,0,0,0,0,0,0,0,0,0,0,0,0,0,0,0,0,0,0,0,0,0,0,0,0,0,0
"6.8",6.8,0,0,0,0,0,0,0,0,0,0,0,0,0,0,0,0,0,0,0,0,0,0,0,0,0,0,0,0,0,0,0,0,0,0,0,0,0,0,0,0,0,0,0,0,0,0
"6.9",6.9,0,0,0,0,0,0,0,0,0,0,0,0,0,0,0,0,0,0,0,0,0,0,0,0,0,0,0,0,0,0,0,0,0,0,0,0,0,0,0,0,0,0,0,0,0,0
"7",7,0,0,0,0,0,0,0,0,0,0,0,0,0,0,0,0,0,0,0,0,0,0,0,0,0,0,0,0,0,0,0,0,0,0,0,0,0,0,0,0,0,0,0,0,0,0
"7.1",7.1,0,0,0,0,0,0,0,0,0,0,0,0,0,0,0,0,0,0,0,0,0,0,0,0,0,0,0,0,0,0,0,0,0,0,0,0,0,0,0,0,0,0,0,0,0,0
"7.2",7.2,0,0,0,0,0,0,0,0,0,0,0,0,0,0,0,0,0,0,0,0,0,0,0,0,0,0,0,0,0,0,0,0,0,0,0,0,0,0,0,0,0,0,0,0,0,0
"7.3",7.3,0,0,0,0,0,0,0,0,0,0,0,0,0,0,0,0,0,0,0,0,0,0,0,0,0,0,0,0,0,0,0,0,0,0,0,0,0,0,0,0,0,0,0,0,0,0
"7.4",7.4,0,0,0,0,0,0,0,0,0,0,0,0,0,0,0,0,0,0,0,0,0,0,0,0,0,0,0,0,0,0,0,0,0,0,0,0,0,0,0,0,0,0,0,0,0,0
"7.5",7.5,0,0,0,0,0,0,0,0,0,0,0,0,0,0,0,0,0,0,0,0,0,0,0,0,0,0,0,0,0,0,0,0,0,0,0,0,0,0,0,0,0,0,0,0,0,0
"7.6",7.6,0,0,0,0,0,0,0,0,0,0,0,0,0,0,0,0,0,0,0,0,0,0,0,0,0,0,0,0,0,0,0,0,0,0,0,0,0,0,0,0,0,0,0,0,0,0
"7.7",7.7,0,0,0,0,0,0,0,0,0,0,0,0,0,0,0,0,0,0,0,0,0,0,0,0,0,0,0,0,0,0,0,0,0,0,0,0,0,0,0,0,0,0,0,0,0,0
"7.8",7.8,0,0,0,0,0,0,0,0,0,0,0,0,0,0,0,0,0,0,0,0,0,0,0,0,0,0,0,0,0,0,0,0,0,0,0,0,0,0,0,0,0,0,0,0,0,0
"7.9",7.9,0,0,0,0,0,0,0,0,0,0,0,0,0,0,0,0,0,0,0,0,0,0,0,0,0,0,0,0,0,0,0,0,0,0,0,0,0,0,0,0,0,0,0,0,0,0
"8",8,0,0,0,0,0,0,0,0,0,0,0,0,0,0,0,0,0,0,0,0,0,0,0,0,0,0,0,0,0,0,0,0,0,0,0,0,0,0,0,0,0,0,0,0,0,0
"8.1",8.1,0,0,0,0,0,0,0,0,0,0,0,0,0,0,0,0,0,0,0,0,0,0,0,0,0,0,0,0,0,0,0,0,0,0,0,0,0,0,0,0,0,0,0,0,0,0
"8.2",8.2,0,0,0,0,0,0,0,0,0,0,0,0,0,0,0,0,0,0,0,0,0,0,0,0,0,0,0,0,0,0,0,0,0,0,0,0,0,0,0,0,0,0,0,0,0,0
"8.3",8.3,0,0,0,0,0,0,0,0,0,0,0,0,0,0,0,0,0,0,0,0,0,0,0,0,0,0,0,0,0,0,0,0,0,0,0,0,0,0,0,0,0,0,0,0,0,0
"8.4",8.4,0,0,0,0,0,0,0,0,0,0,0,0,0,0,0,0,0,0,0,0,0,0,0,0,0,0,0,0,0,0,0,0,0,0,0,0,0,0,0,0,0,0,0,0,0,0
"8.5",8.5,0,0,0,0,0,0,0,0,0,0,0,0,0,0,0,0,0,0,0,0,0,0,0,0,0,0,0,0,0,0,0,0,0,0,0,0,0,0,0,0,0,0,0,0,0,0
"8.6",8.6,0,0,0,0,0,0,0,0,0,0,0,0,0,0,0,0,0,0,0,0,0,0,0,0,0,0,0,0,0,0,0,0,0,0,0,0,0,0,0,0,0,0,0,0,0,0
"8.7",8.7,0,0,0,0,0,0,0,0,0,0,0,0,0,0,0,0,0,0,0,0,0,0,0,0,0,0,0,0,0,0,0,0,0,0,0,0,0,0,0,0,0,0,0,0,0,0
"8.8",8.8,0,0,0,0,0,0,0,0,0,0,0,0,0,0,0,0,0,0,0,0,0,0,0,0,0,0,0,0,0,0,0,0,0,0,0,0,0,0,0,0,0,0,0,0,0,0
"8.9",8.9,0,0,0,0,0,0,0,0,0,0,0,0,0,0,0,0,0,0,0,0,0,0,0,0,0,0,0,0,0,0,0,0,0,0,0,0,0,0,0,0,0,0,0,0,0,0
"9",9,0,0,0,0,0,0,0,0,0,0,0,0,0,0,0,0,0,0,0,0,0,0,0,0,0,0,0,0,0,0,0,0,0,0,0,0,0,0,0,0,0,0,0,0,0,0
"9.1",9.1,0,0,0,0,0,0,0,0,0,0,0,0,0,0,0,0,0,0,0,0,0,0,0,0,0,0,0,0,0,0,0,0,0,0,0,0,0,0,0,0,0,0,0,0,0,0
"9.2",9.2,0,0,0,0,0,0,0,0,0,0,0,0,0,0,0,0,0,0,0,0,0,0,0,0,0,0,0,0,0,0,0,0,0,0,0,0,0,0,0,0,0,0,0,0,0,0
"9.3",9.3,0,0,0,0,0,0,0,0,0,0,0,0,0,0,0,0,0,0,0,0,0,0,0,0,0,0,0,0,0,0,0,0,0,0,0,0,0,0,0,0,0,0,0,0,0,0
"9.4",9.4,0,0,0,0,0,0,0,0,0,0,0,0,0,0,0,0,0,0,0,0,0,0,0,0,0,0,0,0,0,0,0,0,0,0,0,0,0,0,0,0,0,0,0,0,0,0
"9.5",9.5,0,0,0,0,0,0,0,0,0,0,0,0,0,0,0,0,0,0,0,0,0,0,0,0,0,0,0,0,0,0,0,0,0,0,0,0,0,0,0,0,0,0,0,0,0,0
"9.6",9.6,0,0,0,0,0,0,0,0,0,0,0,0,0,0,0,0,0,0,0,0,0,0,0,0,0,0,0,0,0,0,0,0,0,0,0,0,0,0,0,0,0,0,0,0,0,0
"9.7",9.7,0,0,0,0,0,0,0,0,0,0,0,0,0,0,0,0,0,0,0,0,0,0,0,0,0,0,0,0,0,0,0,0,0,0,0,0,0,0,0,0,0,0,0,0,0,0
"9.8",9.8,0,0,0,0,0,0,0,0,0,0,0,0,0,0,0,0,0,0,0,0,0,0,0,0,0,0,0,0,0,0,0,0,0,0,0,0,0,0,0,0,0,0,0,0,0,0
"9.9",9.9,0,0,0,0,0,0,0,0,0,0,0,0,0,0,0,0,0,0,0,0,0,0,0,0,0,0,0,0,0,0,0,0,0,0,0,0,0,0,0,0,0,0,0,0,0,0
"10",10,0,0,0,0,0,0,0,0,0,0,0,0,0,0,0,0,0,0,0,0,0,0,0,0,0,0,0,0,0,0,0,0,0,0,0,0,0,0,0,0,0,0,0,0,0,0
"10.1",10.1,0.00565,0.0013,0.000809,0.000442,0.000217,9.71e-05,4.24e-05,1.76e-05,6.61e-06,2.27e-06,2.27e-06,7.35e-07,2.13e-07,5.99e-08,1.49e-08,3.56e-09,7.63e-10,1.57e-10,2.93e-11,5.08e-12,8.13e-13,1.2e-13,1.64e-14,2.09e-15,2.45e-16,2.68e-17,2.72e-18,2.54e-19,2.2e-20,1.76e-21,1.28e-22,8.92e-24,5.57e-25,3.36e-26,1.79e-27,9.22e-29,4.25e-30,1.86e-31,7.4e-33,2.82e-34,9.13e-36,3.05e-37,9.29e-39,2.54e-40,6.12e-42,1.23e-43
"10.2",10.2,0.00649,0.00177,0.00114,0.000638,0.000323,0.000149,6.67e-05,2.85e-05,1.1e-05,3.88e-06,3.88e-06,1.3e-06,3.86e-07,1.12e-07,2.85e-08,7.03e-09,1.55e-09,3.29e-10,6.3e-11,1.12e-11,1.85e-12,2.81e-13,3.95e-14,5.18e-15,6.25e-16,7.04e-17,7.34e-18,7.06e-19,6.27e-20,5.18e-21,3.87e-22,2.78e-23,1.78e-24,1.11e-25,6.05e-27,3.21e-28,1.52e-29,6.85e-31,2.81e-32,1.1e-33,3.67e-35,1.26e-36,3.95e-38,1.11e-39,2.75e-41,5.67e-43
"10.3",10.3,0.00745,0.00239,0.00158,0.000911,0.000474,0.000224,0.000104,4.56e-05,1.81e-05,6.57e-06,6.57e-06,2.25e-06,6.91e-07,2.06e-07,5.4e-08,1.37e-08,3.11e-09,6.79e-10,1.34e-10,2.45e-11,4.16e-12,6.49e-13,9.39e-14,1.27e-14,1.57e-15,1.82e-16,1.96e-17,1.94e-18,1.77e-19,1.5e-20,1.15e-21,8.52e-23,5.63e-24,3.59e-25,2.02e-26,1.11e-27,5.4e-29,2.49e-30,1.05e-31,4.24e-33,1.45e-34,5.14e-36,1.66e-37,4.8e-39,1.22e-40,2.59e-42
"10.4",10.4,0.00853,0.00319,0.00216,0.00128,0.000687,0.000335,0.000159,7.2e-05,2.94e-05,1.1e-05,1.1e-05,3.88e-06,1.22e-06,3.74e-07,1.01e-07,2.64e-08,6.16e-09,1.38e-09,2.81e-10,5.29e-11,9.23e-12,1.48e-12,2.21e-13,3.07e-14,3.91e-15,4.66e-16,5.15e-17,5.24e-18,4.93e-19,4.31e-20,3.4e-21,2.59e-22,1.76e-23,1.15e-24,6.68e-26,3.76e-27,1.89e-28,8.97e-30,3.89e-31,1.62e-32,5.7e-34,2.07e-35,6.87e-37,2.05e-38,5.37e-40,1.17e-41
"10.5",10.5,0.00974,0.00419,0.00292,0.00179,0.000984,0.000493,0.000241,0.000112,4.72e-05,1.81e-05,1.81e-05,6.58e-06,2.14e-06,6.73e-07,1.87e-07,5.02e-08,1.21e-08,2.79e-09,5.81e-10,1.13e-10,2.02e-11,3.34e-12,5.12e-13,7.32e-14,9.61e-15,1.18e-15,1.34e-16,1.4e-17,1.36e-18,1.22e-19,9.92e-21,7.75e-22,5.42e-23,3.66e-24,2.18e-25,1.26e-26,6.52e-28,3.19e-29,1.42e-30,6.07e-32,2.2e-33,8.25e-35,2.82e-36,8.64e-38,2.33e-39,5.22e-41
"10.6",10.6,0.0111,0.00544,0.0039,0.00246,0.00139,0.000718,0.000361,0.000173,7.48e-05,2.95e-05,2.95e-05,1.1e-05,3.69e-06,1.19e-06,3.42e-07,9.44e-08,2.33e-08,5.55e-09,1.19e-09,2.38e-10,4.39e-11,7.45e-12,1.17e-12,1.73e-13,2.33e-14,2.94e-15,3.44e-16,3.7e-17,3.69e-18,3.41e-19,2.85e-20,2.29e-21,1.65e-22,1.15e-23,7.03e-25,4.18e-26,2.22e-27,1.12e-28,5.14e-30,2.26e-31,8.42e-33,3.25e-34,1.14e-35,3.59e-37,9.96e-39,2.3e-40
"10.7",10.7,0.0126,0.00699,0.00515,0.00334,0.00194,0.00103,0.000534,0.000263,0.000117,4.76e-05,4.76e-05,1.83e-05,6.29e-06,2.1e-06,6.16e-07,1.75e-07,4.45e-08,1.09e-08,2.4e-09,4.94e-10,9.38e-11,1.64e-11,2.66e-12,4.02e-13,5.59e-14,7.26e-15,8.73e-16,9.67e-17,9.9e-18,9.43e-19,8.11e-20,6.71e-21,4.96e-22,3.55e-23,2.24e-24,1.37e-25,7.49e-27,3.88e-28,1.83e-29,8.28e-31,3.18e-32,1.26e-33,4.55e-35,1.48e-36,4.21e-38,1e-39
"10.8",10.8,0.0144,0.00885,0.00672,0.00448,0.00268,0.00146,0.00078,0.000395,0.000181,7.57e-05,7.57e-05,2.99e-05,1.06e-05,3.63e-06,1.1e-06,3.21e-07,8.4e-08,2.11e-08,4.8e-09,1.01e-09,1.98e-10,3.57e-11,5.94e-12,9.26e-13,1.32e-13,1.77e-14,2.19e-15,2.49e-16,2.62e-17,2.57e-18,2.28e-19,1.94e-20,1.47e-21,1.08e-22,7.04e-24,4.43e-25,2.49e-26,1.33e-27,6.46e-29,3e-30,1.19e-31,4.83e-33,1.8e-34,6e-36,1.76e-37,4.3e-39
"10.9",10.9,0.0163,0.0111,0.00865,0.00593,0.00366,0.00205,0.00112,0.000587,0.000277,0.000119,0.000119,4.84e-05,1.76e-05,6.21e-06,1.93e-06,5.82e-07,1.57e-07,4.05e-08,9.47e-09,2.06e-09,4.14e-10,7.66e-11,1.31e-11,2.1e-12,3.09e-13,4.25e-14,5.41e-15,6.34e-16,6.87e-17,6.93e-18,6.31e-19,5.53e-20,4.33e-21,3.27e-22,2.19e-23,1.42e-24,8.2e-26,4.49e-27,2.25e-28,1.07e-29,4.37e-31,1.83e-32,7e-34,2.41e-35,7.26e-37,1.82e-38
"11",11,0.0184,0.0137,0.011,0.00777,0.00493,0.00285,0.0016,0.000861,0.000417,0.000185,0.000185,7.73e-05,2.89e-05,1.05e-05,3.36e-06,1.04e-06,2.88e-07,7.67e-08,1.84e-08,4.13e-09,8.53e-10,1.62e-10,2.87e-11,4.72e-12,7.15e-13,1.01e-13,1.32e-14,1.6e-15,1.78e-16,1.85e-17,1.73e-18,1.56e-19,1.25e-20,9.76e-22,6.71e-23,4.47e-24,2.66e-25,1.5e-26,7.72e-28,3.8e-29,1.59e-30,6.86e-32,2.7e-33,9.53e-35,2.96e-36,7.65e-38
"11.1",11.1,0.0208,0.0167,0.0138,0.01,0.00655,0.00389,0.00226,0.00125,0.000621,0.000283,0.000283,0.000122,4.69e-05,1.75e-05,5.77e-06,1.84e-06,5.24e-07,1.43e-07,3.55e-08,8.16e-09,1.74e-09,3.4e-10,6.18e-11,1.05e-11,1.63e-12,2.37e-13,3.19e-14,3.96e-15,4.55e-16,4.85e-17,4.67e-18,4.33e-19,3.59e-20,2.88e-21,2.03e-22,1.39e-23,8.54e-25,4.95e-26,2.62e-27,1.33e-28,5.71e-30,2.53e-31,1.03e-32,3.73e-34,1.19e-35,3.17e-37
"11.2",11.2,0.0235,0.0202,0.0172,0.0128,0.00861,0.00526,0.00314,0.00178,0.000915,0.000428,0.000428,0.00019,7.52e-05,2.89e-05,9.79e-06,3.21e-06,9.4e-07,2.65e-07,6.74e-08,1.6e-08,3.49e-09,7.04e-10,1.31e-10,2.29e-11,3.67e-12,5.49e-13,7.62e-14,9.72e-15,1.15e-15,1.26e-16,1.25e-17,1.19e-18,1.02e-19,8.37e-21,6.08e-22,4.29e-23,2.71e-24,1.61e-25,8.79e-27,4.58e-28,2.03e-29,9.25e-31,3.85e-32,1.44e-33,4.73e-35,1.3e-36
"11.3",11.3,0.0264,0.0241,0.0211,0.0162,0.0112,0.00703,0.00431,0.00252,0.00133,0.00064,0.00064,0.000292,0.000119,4.7e-05,1.64e-05,5.53e-06,1.67e-06,4.84e-07,1.27e-07,3.08e-08,6.94e-09,1.44e-09,2.76e-10,4.96e-11,8.17e-12,1.26e-12,1.79e-13,2.36e-14,2.86e-15,3.23e-16,3.3e-17,3.23e-18,2.84e-19,2.4e-20,1.8e-21,1.31e-22,8.46e-24,5.2e-25,2.91e-26,1.56e-27,7.1e-29,3.34e-30,1.43e-31,5.5e-33,1.86e-34,5.24e-36
"11.4",11.4,0.0297,0.0283,0.0255,0.0201,0.0143,0.00926,0.00585,0.00352,0.00191,0.000946,0.000946,0.000444,0.000186,7.56e-05,2.72e-05,9.41e-06,2.92e-06,8.71e-07,2.35e-07,5.88e-08,1.36e-08,2.9e-09,5.74e-10,1.06e-10,1.8e-11,2.85e-12,4.17e-13,5.64e-14,7.04e-15,8.19e-16,8.59e-17,8.67e-18,7.82e-19,6.82e-20,5.25e-21,3.92e-22,2.62e-23,1.65e-24,9.52e-26,5.25e-27,2.46e-28,1.19e-29,5.24e-31,2.07e-32,7.21e-34,2.09e-35
"11.5",11.5,0.0333,0.0329,0.0305,0.0248,0.0181,0.0121,0.00783,0.00485,0.00271,0.00138,0.00138,0.000666,0.000287,0.00012,4.44e-05,1.58e-05,5.05e-06,1.55e-06,4.3e-07,1.11e-07,2.64e-08,5.79e-09,1.18e-09,2.24e-10,3.9e-11,6.36e-12,9.59e-13,1.33e-13,1.71e-14,2.05e-15,2.21e-16,2.3e-17,2.13e-18,1.91e-19,1.51e-20,1.16e-21,7.99e-23,5.19e-24,3.08e-25,1.74e-26,8.41e-28,4.18e-29,1.9e-30,7.72e-32,2.76e-33,8.23e-35
"11.6",11.6,0.0372,0.0378,0.036,0.0301,0.0227,0.0155,0.0104,0.0066,0.00379,0.00199,0.00199,0.000988,0.000438,0.000189,7.17e-05,2.63e-05,8.63e-06,2.73e-06,7.77e-07,2.06e-07,5.05e-08,1.14e-08,2.39e-09,4.66e-10,8.37e-11,1.4e-11,2.18e-12,3.11e-13,4.12e-14,5.07e-15,5.62e-16,6.01e-17,5.74e-18,5.3e-19,4.31e-20,3.41e-21,2.41e-22,1.61e-23,9.82e-25,5.73e-26,2.84e-27,1.45e-28,6.78e-30,2.84e-31,1.05e-32,3.21e-34
"11.7",11.7,0.0416,0.0429,0.042,0.0362,0.028,0.0197,0.0136,0.00888,0.00525,0.00283,0.00283,0.00145,0.00066,0.000292,0.000114,4.31e-05,1.46e-05,4.73e-06,1.39e-06,3.79e-07,9.55e-08,2.22e-08,4.78e-09,9.6e-10,1.77e-10,3.06e-11,4.88e-12,7.18e-13,9.77e-14,1.24e-14,1.41e-15,1.55e-16,1.53e-17,1.45e-18,1.21e-19,9.87e-21,7.17e-22,4.93e-23,3.1e-24,1.86e-25,9.48e-27,4.99e-28,2.39e-29,1.03e-30,3.91e-32,1.23e-33
"11.8",11.8,0.0464,0.0481,0.0484,0.0429,0.0341,0.0248,0.0175,0.0118,0.00717,0.00398,0.00398,0.00209,0.000982,0.000448,0.00018,6.99e-05,2.43e-05,8.12e-06,2.45e-06,6.88e-07,1.78e-07,4.26e-08,9.44e-09,1.95e-09,3.71e-10,6.58e-11,1.08e-11,1.64e-12,2.29e-13,2.98e-14,3.5e-15,3.96e-16,4.01e-17,3.91e-18,3.37e-19,2.82e-20,2.11e-21,1.49e-22,9.64e-24,5.95e-25,3.12e-26,1.69e-27,8.35e-29,3.7e-30,1.44e-31,4.68e-33
"11.9",11.9,0.0516,0.0532,0.0551,0.0502,0.0411,0.0307,0.0223,0.0155,0.00968,0.00553,0.00553,0.00299,0.00144,0.000677,0.00028,0.000112,4e-05,1.38e-05,4.27e-06,1.23e-06,3.29e-07,8.09e-08,1.84e-08,3.92e-09,7.66e-10,1.4e-10,2.37e-11,3.68e-12,5.3e-13,7.1e-14,8.59e-15,9.99e-16,1.04e-16,1.04e-17,9.26e-19,7.97e-20,6.13e-21,4.46e-22,2.96e-23,1.88e-24,1.02e-25,5.67e-27,2.88e-28,1.31e-29,5.26e-31,1.76e-32
"12",12,0.0573,0.0581,0.062,0.0581,0.049,0.0376,0.0281,0.02,0.0129,0.00758,0.00758,0.00422,0.0021,0.00101,0.00043,0.000177,6.5e-05,2.3e-05,7.35e-06,2.18e-06,6e-07,1.52e-07,3.56e-08,7.79e-09,1.56e-09,2.94e-10,5.11e-11,8.19e-12,1.21e-12,1.67e-13,2.08e-14,2.49e-15,2.66e-16,2.75e-17,2.51e-18,2.22e-19,1.76e-20,1.32e-21,9.01e-23,5.88e-24,3.27e-25,1.87e-26,9.79e-28,4.6e-29,1.9e-30,6.51e-32
"12.1",12.1,0.0635,0.0627,0.0689,0.0664,0.0575,0.0454,0.035,0.0257,0.017,0.0103,0.0103,0.00588,0.00301,0.00149,0.000653,0.000276,0.000105,3.8e-05,1.25e-05,3.82e-06,1.08e-06,2.81e-07,6.77e-08,1.53e-08,3.15e-09,6.09e-10,1.09e-10,1.8e-11,2.74e-12,3.88e-13,4.97e-14,6.12e-15,6.74e-16,7.17e-17,6.73e-18,6.13e-19,4.99e-20,3.84e-21,2.7e-22,1.82e-23,1.04e-24,6.12e-26,3.29e-27,1.59e-28,6.74e-30,2.38e-31
"12.2",12.2,0.0703,0.0669,0.0755,0.0749,0.0668,0.0543,0.043,0.0324,0.0221,0.0138,0.0138,0.0081,0.00426,0.00217,0.000979,0.000426,0.000166,6.21e-05,2.1e-05,6.6e-06,1.92e-06,5.14e-07,1.27e-07,2.95e-08,6.28e-09,1.25e-09,2.3e-10,3.9e-11,6.11e-12,8.92e-13,1.17e-13,1.49e-14,1.68e-15,1.84e-16,1.78e-17,1.67e-18,1.4e-19,1.11e-20,8.01e-22,5.54e-23,3.26e-24,1.98e-25,1.09e-26,5.43e-28,2.37e-29,8.62e-31
"12.3",12.3,0.0776,0.0705,0.0819,0.0835,0.0766,0.064,0.0522,0.0405,0.0284,0.0182,0.0182,0.011,0.00596,0.00313,0.00145,0.000649,0.00026,1e-04,3.48e-05,1.13e-05,3.37e-06,9.28e-07,2.37e-07,5.65e-08,1.24e-08,2.53e-09,4.79e-10,8.35e-11,1.35e-11,2.02e-12,2.74e-13,3.57e-14,4.16e-15,4.68e-16,4.65e-17,4.49e-18,3.86e-19,3.15e-20,2.34e-21,1.67e-22,1.01e-23,6.3e-25,3.58e-26,1.83e-27,8.23e-29,3.08e-30
"12.4",12.4,0.0856,0.0733,0.0876,0.092,0.0868,0.0746,0.0626,0.05,0.036,0.0237,0.0237,0.0148,0.00823,0.00445,0.00212,0.000977,0.000402,0.00016,5.7e-05,1.9e-05,5.84e-06,1.66e-06,4.35e-07,1.07e-07,2.4e-08,5.05e-09,9.84e-10,1.77e-10,2.93e-11,4.53e-12,6.31e-13,8.45e-14,1.01e-14,1.17e-15,1.2e-16,1.19e-17,1.06e-18,8.85e-20,6.78e-21,4.96e-22,3.09e-23,1.98e-24,1.16e-25,6.1e-27,2.82e-28,1.09e-29
"12.5",12.5,0.0941,0.0753,0.0926,0.1,0.0971,0.0859,0.0741,0.0609,0.0452,0.0306,0.0306,0.0196,0.0112,0.00625,0.00306,0.00145,0.000615,0.000251,9.23e-05,3.16e-05,1e-05,2.92e-06,7.88e-07,1.99e-07,4.61e-08,9.97e-09,2e-09,3.69e-10,6.3e-11,1e-11,1.43e-12,1.98e-13,2.44e-14,2.91e-15,3.06e-16,3.12e-17,2.85e-18,2.46e-19,1.94e-20,1.46e-21,9.33e-23,6.17e-24,3.71e-25,2.01e-26,9.55e-28,3.78e-29
"12.6",12.6,0.1034,0.0764,0.0967,0.1074,0.1073,0.0977,0.0867,0.0733,0.0559,0.039,0.039,0.0257,0.0152,0.00866,0.00437,0.00213,0.000929,0.00039,0.000148,5.2e-05,1.69e-05,5.08e-06,1.41e-06,3.67e-07,8.73e-08,1.94e-08,4.01e-09,7.62e-10,1.34e-10,2.19e-11,3.22e-12,4.58e-13,5.81e-14,7.12e-15,7.7e-16,8.09e-17,7.59e-18,6.74e-19,5.46e-20,4.23e-21,2.79e-22,1.89e-23,1.17e-24,6.53e-26,3.19e-27,1.3e-28
"12.7",12.7,0.1133,0.0766,0.0997,0.114,0.1172,0.1097,0.1001,0.0871,0.0684,0.049,0.049,0.0333,0.0202,0.0119,0.00616,0.00309,0.00139,0.000598,0.000233,8.45e-05,2.83e-05,8.73e-06,2.5e-06,6.67e-07,1.64e-07,3.75e-08,7.95e-09,1.55e-09,2.81e-10,4.72e-11,7.16e-12,1.05e-12,1.36e-13,1.72e-14,1.92e-15,2.07e-16,2e-17,1.82e-18,1.52e-19,1.21e-20,8.22e-22,5.75e-23,3.66e-24,2.1e-25,1.06e-26,4.42e-28
"12.8",12.8,0.1239,0.0759,0.1016,0.1195,0.1263,0.1217,0.1143,0.1023,0.0826,0.0609,0.0609,0.0426,0.0265,0.0161,0.00858,0.00443,0.00204,0.000907,0.000363,0.000136,4.67e-05,1.48e-05,4.36e-06,1.2e-06,3.02e-07,7.13e-08,1.56e-08,3.13e-09,5.81e-10,1.01e-10,1.57e-11,2.36e-12,3.17e-13,4.11e-14,4.71e-15,5.23e-16,5.19e-17,4.88e-18,4.19e-19,3.43e-20,2.39e-21,1.72e-22,1.13e-23,6.65e-25,3.44e-26,1.48e-27
"12.9",12.9,0.1353,0.0742,0.1022,0.1237,0.1346,0.1333,0.1288,0.1186,0.0986,0.0748,0.0748,0.0537,0.0345,0.0215,0.0118,0.00626,0.00297,0.00136,0.00056,0.000215,7.62e-05,2.49e-05,7.53e-06,2.13e-06,5.52e-07,1.34e-07,3.01e-08,6.22e-09,1.19e-09,2.12e-10,3.4e-11,5.25e-12,7.26e-13,9.69e-14,1.14e-14,1.31e-15,1.33e-16,1.29e-17,1.14e-18,9.6e-20,6.89e-21,5.1e-22,3.44e-23,2.08e-24,1.11e-25,4.92e-27
"13",13,0.1475,0.0717,0.1016,0.1265,0.1415,0.1443,0.1434,0.1359,0.1162,0.0907,0.0907,0.067,0.0442,0.0283,0.016,0.00875,0.00427,0.00201,0.000852,0.000336,0.000123,4.12e-05,1.28e-05,3.73e-06,9.97e-07,2.49e-07,5.74e-08,1.22e-08,2.4e-09,4.4e-10,7.27e-11,1.16e-11,1.64e-12,2.26e-13,2.74e-14,3.22e-15,3.38e-16,3.37e-17,3.06e-18,2.65e-19,1.96e-20,1.49e-21,1.03e-22,6.45e-24,3.53e-25,1.61e-26
"13.1",13.1,0.1604,0.0684,0.0997,0.1277,0.1471,0.1542,0.1577,0.1537,0.1352,0.1086,0.109,0.0826,0.0561,0.037,0.0215,0.0121,0.00607,0.00294,0.00128,0.00052,0.000195,6.75e-05,2.16e-05,6.47e-06,1.78e-06,4.56e-07,1.08e-07,2.37e-08,4.8e-09,9.05e-10,1.54e-10,2.51e-11,3.68e-12,5.2e-13,6.48e-14,7.84e-15,8.48e-16,8.68e-17,8.1e-18,7.24e-19,5.49e-20,4.3e-21,3.07e-22,1.97e-23,1.11e-24,5.22e-26
"13.2",13.2,0.1742,0.0645,0.0967,0.1274,0.1509,0.1629,0.1713,0.1718,0.1555,0.1285,0.129,0.101,0.0702,0.0476,0.0285,0.0165,0.00851,0.00424,0.0019,0.000794,0.000307,0.000109,3.59e-05,1.11e-05,3.13e-06,8.25e-07,2.02e-07,4.55e-08,9.47e-09,1.84e-09,3.21e-10,5.4e-11,8.12e-12,1.18e-12,1.52e-13,1.89e-14,2.1e-15,2.21e-16,2.12e-17,1.95e-18,1.52e-19,1.23e-20,9.01e-22,5.95e-23,3.45e-24,1.67e-25
"13.3",13.3,0.1888,0.06,0.0926,0.1255,0.153,0.1698,0.1838,0.1896,0.1766,0.1501,0.15,0.121,0.0868,0.0606,0.0373,0.0222,0.0118,0.00604,0.00279,0.0012,0.000476,0.000174,5.9e-05,1.87e-05,5.44e-06,1.48e-06,3.71e-07,8.61e-08,1.84e-08,3.68e-09,6.61e-10,1.14e-10,1.77e-11,2.65e-12,3.5e-13,4.48e-14,5.13e-15,5.56e-16,5.49e-17,5.19e-18,4.17e-19,3.46e-20,2.61e-21,1.78e-22,1.06e-23,5.26e-25
"13.4",13.4,0.2042,0.0552,0.0876,0.1222,0.1532,0.1749,0.1948,0.2067,0.1981,0.1732,0.173,0.143,0.106,0.0761,0.0482,0.0295,0.0161,0.0085,0.00404,0.00178,0.00073,0.000275,9.58e-05,3.12e-05,9.33e-06,2.61e-06,6.75e-07,1.61e-07,3.55e-08,7.28e-09,1.35e-09,2.4e-10,3.82e-11,5.88e-12,7.98e-13,1.05e-13,1.24e-14,1.38e-15,1.4e-16,1.36e-17,1.13e-18,9.63e-20,7.48e-21,5.23e-22,3.21e-23,1.64e-24
"13.5",13.5,0.2204,0.0501,0.0819,0.1174,0.1515,0.178,0.2039,0.2226,0.2194,0.1974,0.197,0.168,0.1279,0.0944,0.0615,0.0387,0.0218,0.0118,0.00577,0.00263,0.0011,0.000428,0.000153,5.15e-05,1.58e-05,4.55e-06,1.21e-06,2.97e-07,6.74e-08,1.42e-08,2.71e-09,4.96e-10,8.13e-11,1.29e-11,1.8e-12,2.44e-13,2.95e-14,3.39e-15,3.54e-16,3.54e-17,3.01e-18,2.65e-19,2.12e-20,1.52e-21,9.6e-23,5.05e-24
"13.6",13.6,0.2375,0.045,0.0755,0.1115,0.148,0.1789,0.2108,0.2368,0.2401,0.2223,0.222,0.195,0.1524,0.1158,0.0776,0.0503,0.0291,0.0162,0.00816,0.00382,0.00165,0.000658,0.000243,8.38e-05,2.65e-05,7.84e-06,2.15e-06,5.42e-07,1.27e-07,2.75e-08,5.38e-09,1.01e-09,1.71e-10,2.78e-11,4e-12,5.58e-13,6.96e-14,8.21e-15,8.83e-16,9.09e-17,7.95e-18,7.18e-19,5.91e-20,4.37e-21,2.84e-22,1.54e-23
"13.7",13.7,0.2554,0.0398,0.0689,0.1046,0.1428,0.1776,0.2153,0.2488,0.2595,0.2472,0.2472,0.2228,0.1794,0.1402,0.0967,0.0644,0.0384,0.022,0.0114,0.00548,0.00244,0.001,0.00038,0.000135,4.39e-05,1.34e-05,3.77e-06,9.78e-07,2.35e-07,5.24e-08,1.06e-08,2.05e-09,3.55e-10,5.95e-11,8.8e-12,1.26e-12,1.62e-13,1.96e-14,2.18e-15,2.3e-16,2.07e-17,1.93e-18,1.63e-19,1.24e-20,8.29e-22,4.61e-23
"13.8",13.8,0.2742,0.0349,0.062,0.0969,0.1361,0.1741,0.2172,0.2582,0.2771,0.2715,0.2715,0.2518,0.2086,0.1677,0.119,0.0815,0.05,0.0295,0.0157,0.00778,0.00356,0.0015,0.000587,0.000214,7.17e-05,2.25e-05,6.51e-06,1.74e-06,4.3e-07,9.87e-08,2.05e-08,4.08e-09,7.29e-10,1.26e-10,1.91e-11,2.82e-12,3.72e-13,4.64e-14,5.29e-15,5.76e-16,5.34e-17,5.1e-18,4.44e-19,3.48e-20,2.39e-21,1.37e-22
"13.9",13.9,0.2938,0.0301,0.0551,0.0886,0.1281,0.1686,0.2164,0.2646,0.2922,0.2945,0.2945,0.281,0.2395,0.1981,0.1446,0.102,0.0643,0.039,0.0214,0.0109,0.00513,0.00223,0.000895,0.000336,0.000116,3.73e-05,1.11e-05,3.06e-06,7.77e-07,1.84e-07,3.92e-08,8.04e-09,1.48e-09,2.62e-10,4.1e-11,6.22e-12,8.44e-13,1.08e-13,1.27e-14,1.42e-15,1.36e-16,1.33e-17,1.2e-18,9.63e-20,6.81e-21,4.01e-22
"14",14,0.3142,0.0257,0.0484,0.0801,0.1191,0.1613,0.2129,0.2679,0.3044,0.3156,0.3156,0.3098,0.2716,0.2311,0.1736,0.1259,0.0817,0.051,0.0287,0.0151,0.0073,0.00326,0.00135,0.000521,0.000185,6.12e-05,1.88e-05,5.31e-06,1.39e-06,3.38e-07,7.41e-08,1.56e-08,2.95e-09,5.39e-10,8.68e-11,1.36e-11,1.89e-12,2.5e-13,3.02e-14,3.48e-15,3.41e-16,3.45e-17,3.18e-18,2.63e-19,1.92e-20,1.16e-21
"14.1",14.1,0.3353,0.0217,0.042,0.0715,0.1094,0.1524,0.207,0.2679,0.3131,0.334,0.334,0.3374,0.3043,0.2664,0.2058,0.1536,0.1025,0.0659,0.0382,0.0206,0.0103,0.00472,0.00201,0.000798,0.000291,9.92e-05,3.13e-05,9.11e-06,2.45e-06,6.13e-07,1.38e-07,3.01e-08,5.84e-09,1.1e-09,1.82e-10,2.92e-11,4.19e-12,5.7e-13,7.07e-14,8.39e-15,8.46e-16,8.8e-17,8.35e-18,7.12e-19,5.33e-20,3.32e-21
"14.2",14.2,0.3573,0.0181,0.036,0.063,0.0992,0.1422,0.1987,0.2646,0.3182,0.349,0.349,0.3629,0.3367,0.3033,0.2411,0.1851,0.1271,0.084,0.0501,0.0278,0.0143,0.00674,0.00295,0.00121,0.000453,0.000159,5.16e-05,1.54e-05,4.27e-06,1.1e-06,2.55e-07,5.7e-08,1.14e-08,2.2e-09,3.75e-10,6.21e-11,9.17e-12,1.28e-12,1.64e-13,2e-14,2.07e-15,2.22e-16,2.16e-17,1.9e-18,1.46e-19,9.38e-21
"14.3",14.3,0.3799,0.0149,0.0305,0.0549,0.0889,0.1311,0.1884,0.2582,0.3194,0.361,0.361,0.3855,0.368,0.341,0.2789,0.2203,0.1556,0.1058,0.0649,0.0371,0.0196,0.00951,0.00428,0.0018,0.000696,0.000251,8.39e-05,2.58e-05,7.35e-06,1.95e-06,4.65e-07,1.07e-07,2.2e-08,4.37e-09,7.66e-10,1.3e-10,1.98e-11,2.85e-12,3.74e-13,4.7e-14,5.02e-15,5.53e-16,5.55e-17,5e-18,3.97e-19,2.62e-20
"14.4",14.4,0.4032,0.0121,0.0255,0.0472,0.0786,0.1193,0.1765,0.2488,0.3166,0.368,0.368,0.4045,0.3973,0.3787,0.3186,0.259,0.1882,0.1317,0.0831,0.0488,0.0265,0.0133,0.00614,0.00266,0.00106,0.000392,0.000135,4.27e-05,1.25e-05,3.4e-06,8.37e-07,1.98e-07,4.19e-08,8.56e-09,1.54e-09,2.7e-10,4.23e-11,6.26e-12,8.46e-13,1.09e-13,1.2e-14,1.36e-15,1.4e-16,1.3e-17,1.06e-18,7.21e-20
"14.5",14.5,0.4271,0.0097,0.0211,0.0401,0.0687,0.1073,0.1633,0.2368,0.31,0.371,0.371,0.4193,0.4237,0.4155,0.3596,0.3007,0.2249,0.1618,0.1051,0.0635,0.0355,0.0182,0.0087,0.00387,0.00158,0.000604,0.000214,6.97e-05,2.1e-05,5.88e-06,1.49e-06,3.62e-07,7.88e-08,1.66e-08,3.08e-09,5.54e-10,8.91e-11,1.36e-11,1.89e-12,2.51e-13,2.83e-14,3.3e-15,3.51e-16,3.35e-17,2.81e-18,1.96e-19
"14.6",14.6,0.4516,0.00769,0.0172,0.0337,0.0594,0.0953,0.1492,0.2226,0.3,0.369,0.369,0.4292,0.4462,0.4502,0.4009,0.3449,0.2653,0.1965,0.1312,0.0816,0.0469,0.0248,0.0122,0.00557,0.00234,0.000921,0.000335,0.000112,3.48e-05,1e-05,2.61e-06,6.54e-07,1.46e-07,3.17e-08,6.05e-09,1.12e-09,1.86e-10,2.91e-11,4.16e-12,5.68e-13,6.61e-14,7.93e-15,8.66e-16,8.51e-17,7.34e-18,5.28e-19
"14.7",14.7,0.4766,0.00602,0.0138,0.0279,0.0506,0.0836,0.1347,0.2067,0.287,0.362,0.362,0.434,0.4642,0.4818,0.4414,0.3906,0.3092,0.2355,0.1618,0.1035,0.0612,0.0333,0.0168,0.00793,0.00343,0.00139,0.000519,0.000179,5.7e-05,1.69e-05,4.53e-06,1.17e-06,2.69e-07,5.99e-08,1.18e-08,2.24e-09,3.82e-10,6.15e-11,9.05e-12,1.27e-12,1.52e-13,1.88e-14,2.11e-15,2.13e-16,1.9e-17,1.4e-18
"14.8",14.8,0.5021,0.00466,0.011,0.0228,0.0426,0.0725,0.1201,0.1896,0.27,0.352,0.352,0.4335,0.477,0.5093,0.4801,0.4371,0.3559,0.279,0.1972,0.1298,0.0789,0.0442,0.0229,0.0111,0.00495,0.00206,0.000793,0.000282,9.23e-05,2.82e-05,7.76e-06,2.06e-06,4.88e-07,1.12e-07,2.26e-08,4.43e-09,7.75e-10,1.29e-10,1.95e-11,2.82e-12,3.46e-13,4.4e-14,5.09e-15,5.29e-16,4.83e-17,3.67e-18
"14.9",14.9,0.5279,0.00356,0.00865,0.0185,0.0355,0.062,0.1057,0.172,0.252,0.337,0.337,0.4276,0.4841,0.5318,0.5157,0.4831,0.4047,0.3263,0.2373,0.1607,0.1005,0.0579,0.0309,0.0154,0.00707,0.00302,0.0012,0.000437,0.000148,4.64e-05,1.31e-05,3.58e-06,8.73e-07,2.06e-07,4.28e-08,8.63e-09,1.56e-09,2.65e-10,4.13e-11,6.15e-12,7.78e-13,1.02e-13,1.21e-14,1.29e-15,1.22e-16,9.52e-18
"15",15,0.5539,0.00269,0.00672,0.0148,0.0291,0.0524,0.092,0.154,0.232,0.32,0.32,0.4167,0.4853,0.5485,0.5472,0.5273,0.4545,0.377,0.2821,0.1965,0.1265,0.075,0.0412,0.0211,0.01,0.00438,0.00179,0.000671,0.000233,7.53e-05,2.19e-05,6.16e-06,1.54e-06,3.74e-07,8.01e-08,1.66e-08,3.08e-09,5.41e-10,8.67e-11,1.33e-11,1.73e-12,2.32e-13,2.84e-14,3.13e-15,3.03e-16,2.44e-17
"15.1",15.1,0.5802,0.002,0.00515,0.0116,0.0237,0.0438,0.079,0.136,0.211,0.299,0.299,0.401,0.4805,0.5588,0.5735,0.5686,0.5042,0.4303,0.3312,0.2373,0.1572,0.0959,0.0542,0.0286,0.0139,0.00628,0.00263,0.00102,0.000363,0.000121,3.62e-05,1.05e-05,2.7e-06,6.73e-07,1.48e-07,3.16e-08,6.03e-09,1.09e-09,1.8e-10,2.83e-11,3.79e-12,5.24e-13,6.6e-14,7.47e-15,7.43e-16,6.16e-17
"15.2",15.2,0.6065,0.00147,0.0039,0.00907,0.019,0.0361,0.067,0.119,0.189,0.276,0.276,0.3812,0.47,0.5622,0.5936,0.6055,0.5524,0.485,0.3841,0.2832,0.193,0.1211,0.0704,0.0382,0.0191,0.00888,0.00383,0.00152,0.00056,0.000191,5.91e-05,1.75e-05,4.66e-06,1.19e-06,2.7e-07,5.94e-08,1.17e-08,2.17e-09,3.67e-10,5.96e-11,8.21e-12,1.17e-12,1.51e-13,1.76e-14,1.8e-15,1.54e-16
"15.3",15.3,0.6329,0.00107,0.00292,0.00698,0.015,0.0294,0.0562,0.102,0.168,0.252,0.252,0.358,0.454,0.5588,0.607,0.637,0.5978,0.54,0.4399,0.3337,0.2339,0.151,0.0903,0.0505,0.0259,0.0124,0.00551,0.00225,0.000852,3e-04,9.51e-05,2.91e-05,7.94e-06,2.1e-06,4.88e-07,1.1e-07,2.23e-08,4.26e-09,7.43e-10,1.24e-10,1.76e-11,2.57e-12,3.43e-13,4.11e-14,4.32e-15,3.79e-16
"15.4",15.4,0.6591,0.00077,0.00216,0.00531,0.0117,0.0237,0.0465,0.0871,0.147,0.227,0.227,0.332,0.4332,0.5485,0.613,0.6618,0.639,0.5938,0.4978,0.3884,0.2801,0.1861,0.1145,0.0658,0.0347,0.0171,0.00783,0.00329,0.00128,0.000463,0.000151,4.76e-05,1.34e-05,3.63e-06,8.7e-07,2.02e-07,4.2e-08,8.26e-09,1.48e-09,2.54e-10,3.71e-11,5.59e-12,7.66e-13,9.45e-14,1.02e-14,9.23e-16
"15.5",15.5,0.6852,0.000546,0.00158,0.00399,0.00908,0.0188,0.038,0.0733,0.128,0.202,0.202,0.3042,0.4083,0.5318,0.6115,0.6792,0.6747,0.645,0.5563,0.4466,0.3314,0.2264,0.1434,0.0848,0.046,0.0234,0.011,0.00475,0.0019,0.000708,0.000238,7.69e-05,2.22e-05,6.21e-06,1.53e-06,3.66e-07,7.83e-08,1.58e-08,2.92e-09,5.16e-10,7.74e-11,1.2e-11,1.69e-12,2.15e-13,2.39e-14,2.22e-15
"15.6",15.6,0.7109,0.000383,0.00114,0.00296,0.00693,0.0148,0.0307,0.0609,0.109,0.178,0.178,0.2752,0.38,0.5093,0.6025,0.6885,0.7036,0.6921,0.614,0.5071,0.3871,0.2721,0.1773,0.1079,0.0603,0.0314,0.0152,0.00677,0.00279,0.00107,0.000369,0.000123,3.65e-05,1.05e-05,2.66e-06,6.55e-07,1.44e-07,3e-08,5.69e-09,1.03e-09,1.6e-10,2.54e-11,3.69e-12,4.82e-13,5.53e-14,5.27e-15
"15.7",15.7,0.7362,0.000265,0.000809,0.00217,0.00522,0.0115,0.0245,0.05,0.092,0.155,0.155,0.246,0.3494,0.4818,0.5863,0.6893,0.7248,0.7334,0.6694,0.5688,0.4467,0.3231,0.2165,0.1356,0.0779,0.0418,0.0208,0.00953,0.00404,0.00159,0.000566,0.000194,5.92e-05,1.75e-05,4.57e-06,1.16e-06,2.62e-07,5.61e-08,1.1e-08,2.05e-09,3.25e-10,5.33e-11,7.96e-12,1.07e-12,1.26e-13,1.24e-14
"15.8",15.8,0.761,0.000181,0.000569,0.00157,0.00389,0.00877,0.0193,0.0405,0.0767,0.133,0.133,0.2171,0.3174,0.4502,0.5636,0.6817,0.7374,0.7677,0.7209,0.6302,0.5092,0.3789,0.2612,0.1683,0.0995,0.0549,0.0281,0.0133,0.00577,0.00234,0.000857,0.000302,9.49e-05,2.89e-05,7.75e-06,2.02e-06,4.7e-07,1.04e-07,2.08e-08,4e-09,6.54e-10,1.1e-10,1.69e-11,2.34e-12,2.84e-13,2.87e-14
"15.9",15.9,0.7851,0.000122,0.000395,0.00112,0.00286,0.00664,0.015,0.0324,0.0632,0.112,0.112,0.1893,0.2847,0.4155,0.5352,0.6659,0.7411,0.7937,0.7668,0.6896,0.5733,0.4388,0.3113,0.2063,0.1255,0.0713,0.0375,0.0182,0.00816,0.0034,0.00128,0.000464,0.00015,4.7e-05,1.3e-05,3.48e-06,8.33e-07,1.89e-07,3.91e-08,7.73e-09,1.3e-09,2.25e-10,3.56e-11,5.06e-12,6.32e-13,6.57e-14
"16",16,0.8084,8.16e-05,0.000271,0.000791,0.00208,0.00496,0.0116,0.0257,0.0514,0.0941,0.0941,0.1631,0.2522,0.3787,0.5019,0.6425,0.7356,0.8105,0.8056,0.7454,0.6375,0.502,0.3664,0.2498,0.1563,0.0914,0.0495,0.0247,0.0114,0.00489,0.00189,0.000705,0.000235,7.56e-05,2.15e-05,5.93e-06,1.46e-06,3.4e-07,7.24e-08,1.47e-08,2.55e-09,4.55e-10,7.4e-11,1.08e-11,1.39e-12,1.49e-13
"16.1",16.1,0.8309,5.38e-05,0.000184,0.000552,0.00149,0.00366,0.00878,0.02,0.0413,0.0778,0.0778,0.1387,0.2208,0.341,0.4649,0.6123,0.7212,0.8176,0.836,0.7958,0.7002,0.5673,0.4259,0.2988,0.1923,0.1157,0.0645,0.0331,0.0157,0.00693,0.00276,0.00106,0.000363,0.00012,3.51e-05,9.97e-06,2.53e-06,6.06e-07,1.33e-07,2.78e-08,4.94e-09,9.07e-10,1.52e-10,2.28e-11,3.02e-12,3.32e-13
"16.2",16.2,0.8524,3.5e-05,0.000123,0.00038,0.00106,0.00267,0.00658,0.0155,0.0328,0.0636,0.0636,0.1165,0.1908,0.3033,0.4254,0.5763,0.6984,0.8146,0.8569,0.8392,0.7596,0.6332,0.4891,0.3529,0.2338,0.1446,0.0829,0.0438,0.0214,0.00971,0.00398,0.00157,0.000553,0.000189,5.67e-05,1.66e-05,4.32e-06,1.07e-06,2.4e-07,5.17e-08,9.46e-09,1.79e-09,3.08e-10,4.76e-11,6.47e-12,7.32e-13
"16.3",16.3,0.8728,2.25e-05,8.14e-05,0.000259,0.000739,0.00192,0.00488,0.0118,0.0257,0.0513,0.0513,0.0967,0.1629,0.2664,0.3844,0.5358,0.6681,0.8016,0.8675,0.8741,0.814,0.698,0.5547,0.4118,0.2806,0.1786,0.1054,0.0572,0.0287,0.0134,0.00566,0.0023,0.000834,0.000292,9.05e-05,2.72e-05,7.28e-06,1.85e-06,4.29e-07,9.49e-08,1.79e-08,3.48e-09,6.15e-10,9.8e-11,1.37e-11,1.6e-12
"16.4",16.4,0.8919,1.43e-05,5.32e-05,0.000174,0.000511,0.00137,0.00357,0.00888,0.0199,0.0409,0.0409,0.0793,0.1374,0.2311,0.3431,0.4921,0.6312,0.7791,0.8675,0.8993,0.8616,0.7601,0.6214,0.4747,0.3327,0.2179,0.1322,0.0739,0.0382,0.0184,0.00796,0.00332,0.00124,0.000448,0.000142,4.4e-05,1.21e-05,3.17e-06,7.56e-07,1.72e-07,3.34e-08,6.68e-09,1.22e-09,1.99e-10,2.87e-11,3.44e-12
"16.5",16.5,0.9098,8.96e-06,3.43e-05,0.000115,0.000349,0.00096,0.00258,0.0066,0.0152,0.0322,0.0322,0.0642,0.1145,0.1981,0.3025,0.4464,0.589,0.748,0.8569,0.9138,0.9007,0.8175,0.6877,0.5404,0.3897,0.2626,0.1639,0.0943,0.0501,0.0248,0.0111,0.00475,0.00182,0.000677,0.000222,7.05e-05,2e-05,5.37e-06,1.32e-06,3.09e-07,6.16e-08,1.27e-08,2.38e-09,4e-10,5.93e-11,7.3e-12
"16.6",16.6,0.9263,5.55e-06,2.19e-05,7.56e-05,0.000235,0.000666,0.00184,0.00485,0.0115,0.025,0.025,0.0513,0.0942,0.1677,0.2635,0.3999,0.5429,0.7094,0.836,0.9172,0.9301,0.8685,0.7516,0.6076,0.4508,0.3125,0.2007,0.1187,0.0649,0.033,0.0152,0.0067,0.00265,0.00101,0.000341,0.000111,3.25e-05,8.99e-06,2.27e-06,5.47e-07,1.12e-07,2.38e-08,4.58e-09,7.94e-10,1.21e-10,1.53e-11
"16.7",16.7,0.9413,3.39e-06,1.38e-05,4.9e-05,0.000157,0.000457,0.0013,0.00352,0.0086,0.0192,0.0192,0.0406,0.0765,0.1402,0.2266,0.3539,0.4943,0.6644,0.8056,0.9093,0.9487,0.9114,0.8114,0.6748,0.5151,0.3673,0.2428,0.1477,0.0831,0.0435,0.0206,0.00934,0.0038,0.00149,0.000517,0.000174,5.22e-05,1.49e-05,3.86e-06,9.58e-07,2.02e-07,4.4e-08,8.73e-09,1.56e-09,2.44e-10,3.18e-11
"16.8",16.8,0.9547,2.05e-06,8.55e-06,3.13e-05,0.000103,0.000309,0.000904,0.00252,0.00634,0.0146,0.0146,0.0316,0.0614,0.1158,0.1925,0.3093,0.4445,0.6147,0.7668,0.8904,0.9557,0.9446,0.8652,0.7403,0.5814,0.4265,0.29,0.1816,0.1051,0.0566,0.0275,0.0129,0.00538,0.00217,0.000775,0.000268,8.29e-05,2.43e-05,6.48e-06,1.65e-06,3.59e-07,8.05e-08,1.64e-08,3.01e-09,4.86e-10,6.52e-11
"16.9",16.9,0.9665,1.22e-06,5.25e-06,1.98e-05,6.7e-05,0.000207,0.000622,0.00178,0.00461,0.0109,0.0109,0.0244,0.0487,0.0944,0.1616,0.2671,0.3948,0.5617,0.7209,0.8612,0.951,0.967,0.9112,0.8022,0.6481,0.4892,0.3422,0.2204,0.1312,0.0727,0.0364,0.0175,0.00753,0.00313,0.00115,0.000409,0.00013,3.91e-05,1.08e-05,2.82e-06,6.31e-07,1.45e-07,3.05e-08,5.76e-09,9.55e-10,1.32e-10
"17",17,0.9766,7.22e-07,3.18e-06,1.23e-05,4.3e-05,0.000137,0.000423,0.00125,0.00332,0.00807,0.00807,0.0186,0.0382,0.0761,0.1339,0.2278,0.3464,0.507,0.669,0.823,0.9347,0.9778,0.9479,0.8585,0.7136,0.5541,0.3988,0.2643,0.1618,0.0923,0.0475,0.0235,0.0104,0.00445,0.00168,0.000615,0.000201,6.23e-05,1.76e-05,4.76e-06,1.09e-06,2.59e-07,5.6e-08,1.09e-08,1.86e-09,2.64e-10
"17.1",17.1,0.985,4.2e-07,1.91e-06,7.61e-06,2.73e-05,8.91e-05,0.000284,0.000861,0.00236,0.0059,0.0059,0.014,0.0295,0.0606,0.1097,0.1918,0.3002,0.452,0.614,0.776,0.9074,0.9766,0.974,0.9076,0.7761,0.62,0.459,0.3129,0.1972,0.1157,0.0612,0.0312,0.0142,0.00625,0.00243,0.000914,0.000308,9.8e-05,2.85e-05,7.93e-06,1.87e-06,4.57e-07,1.02e-07,2.03e-08,3.56e-09,5.21e-10
"17.2",17.2,0.9915,2.42e-07,1.13e-06,4.63e-06,1.71e-05,5.74e-05,0.000188,0.000587,0.00165,0.00426,0.00426,0.0104,0.0225,0.0476,0.0887,0.1596,0.2569,0.3981,0.556,0.724,0.8701,0.9634,0.9886,0.9476,0.8337,0.6852,0.5219,0.3661,0.2373,0.1432,0.078,0.0408,0.0191,0.00866,0.00346,0.00134,0.000465,0.000152,4.56e-05,1.3e-05,3.17e-06,7.96e-07,1.82e-07,3.74e-08,6.75e-09,1.02e-09
"17.3",17.3,0.9962,1.37e-07,6.6e-07,2.78e-06,1.06e-05,3.65e-05,0.000123,0.000395,0.00115,0.00303,0.00303,0.0076,0.017,0.037,0.0708,0.1312,0.2172,0.346,0.498,0.666,0.8241,0.9388,0.991,0.9773,0.8846,0.748,0.5861,0.423,0.2821,0.1751,0.0981,0.0529,0.0255,0.0119,0.00488,0.00195,0.000693,0.000234,7.2e-05,2.12e-05,5.3e-06,1.37e-06,3.22e-07,6.81e-08,1.26e-08,1.96e-09
"17.4",17.4,0.9991,7.71e-08,3.81e-07,1.65e-06,6.46e-06,2.3e-05,7.96e-05,0.000263,0.000785,0.00214,0.00214,0.00551,0.0127,0.0283,0.0559,0.1065,0.1814,0.297,0.44,0.606,0.771,0.9035,0.9813,0.9956,0.9271,0.8065,0.6502,0.4827,0.3312,0.2116,0.1219,0.0676,0.0335,0.0161,0.00679,0.00279,0.00102,0.000354,0.000112,3.4e-05,8.75e-06,2.32e-06,5.62e-07,1.22e-07,2.34e-08,3.72e-09
"17.5",17.5,1,4.27e-08,2.17e-07,9.7e-07,3.9e-06,1.43e-05,5.09e-05,0.000173,0.000531,0.00149,0.00149,0.00394,0.00934,0.0215,0.0435,0.0854,0.15,0.252,0.384,0.544,0.7124,0.8589,0.9597,1.0018,0.9597,0.8589,0.7124,0.5441,0.3841,0.2524,0.1496,0.0854,0.0435,0.0215,0.00934,0.00394,0.00149,0.000531,0.000173,5.39e-05,1.43e-05,3.9e-06,9.7e-07,2.17e-07,4.27e-08,6.99e-09
"17.6",17.6,0.9991,2.34e-08,1.22e-07,5.62e-07,2.32e-06,8.75e-06,3.21e-05,0.000112,0.000354,0.00102,0.00102,0.00279,0.00679,0.0161,0.0335,0.0676,0.122,0.212,0.331,0.483,0.6502,0.8065,0.9271,0.9956,0.9813,0.9035,0.771,0.6058,0.4399,0.2974,0.1814,0.1065,0.0559,0.0283,0.0127,0.00551,0.00214,0.000785,0.000263,8.43e-05,2.3e-05,6.46e-06,1.65e-06,3.81e-07,7.71e-08,1.3e-08
"17.7",17.7,0.9962,1.26e-08,6.81e-08,3.22e-07,1.37e-06,5.3e-06,2e-05,7.2e-05,0.000234,0.000693,0.000693,0.00195,0.00488,0.0119,0.0255,0.0529,0.0981,0.175,0.282,0.423,0.5861,0.748,0.8846,0.9773,0.991,0.9388,0.8241,0.6662,0.4978,0.3462,0.2172,0.1312,0.0708,0.037,0.017,0.0076,0.00303,0.00115,0.000395,0.00013,3.65e-05,1.06e-05,2.78e-06,6.6e-07,1.37e-07,2.38e-08
"17.8",17.8,0.9915,6.75e-09,3.74e-08,1.82e-07,7.96e-07,3.17e-06,1.23e-05,4.56e-05,0.000152,0.000465,0.000465,0.00134,0.00346,0.00866,0.0191,0.0408,0.078,0.143,0.237,0.366,0.5219,0.6852,0.8337,0.9476,0.9886,0.9634,0.8701,0.7237,0.5563,0.3981,0.2569,0.1596,0.0887,0.0476,0.0225,0.0104,0.00426,0.00165,0.000587,0.000199,5.74e-05,1.71e-05,4.63e-06,1.13e-06,2.42e-07,4.31e-08
"17.9",17.9,0.985,3.56e-09,2.03e-08,1.02e-07,4.57e-07,1.87e-06,7.49e-06,2.85e-05,9.8e-05,0.000308,0.000308,0.000914,0.00243,0.00625,0.0142,0.0312,0.0612,0.116,0.197,0.313,0.459,0.62,0.7761,0.9076,0.974,0.9766,0.9074,0.7764,0.614,0.452,0.3002,0.1918,0.1097,0.0606,0.0295,0.014,0.0059,0.00236,0.000861,3e-04,8.91e-05,2.73e-05,7.61e-06,1.91e-06,4.2e-07,7.71e-08
"18",18,0.9766,1.86e-09,1.09e-08,5.6e-08,2.59e-07,1.09e-06,4.5e-06,1.76e-05,6.23e-05,0.000201,0.000201,0.000615,0.00168,0.00445,0.0104,0.0235,0.0475,0.0923,0.162,0.264,0.3988,0.5541,0.7136,0.8585,0.9479,0.9778,0.9347,0.8228,0.6694,0.507,0.3464,0.2278,0.1339,0.0761,0.0382,0.0186,0.00807,0.00332,0.00125,0.000447,0.000137,4.3e-05,1.23e-05,3.18e-06,7.22e-07,1.36e-07
"18.1",18.1,0.9665,9.55e-10,5.76e-09,3.05e-08,1.45e-07,6.31e-07,2.67e-06,1.08e-05,3.91e-05,0.00013,0.00013,0.000409,0.00115,0.00313,0.00753,0.0175,0.0364,0.0727,0.131,0.22,0.3422,0.4892,0.6481,0.8022,0.9112,0.967,0.951,0.8612,0.7209,0.5617,0.3948,0.2671,0.1616,0.0944,0.0487,0.0244,0.0109,0.00461,0.00178,0.000659,0.000207,6.7e-05,1.98e-05,5.25e-06,1.22e-06,2.38e-07
"18.2",18.2,0.9547,4.86e-10,3.01e-09,1.64e-08,8.05e-08,3.59e-07,1.56e-06,6.48e-06,2.43e-05,8.29e-05,8.29e-05,0.000268,0.000775,0.00217,0.00538,0.0129,0.0275,0.0566,0.105,0.182,0.29,0.4265,0.5814,0.7403,0.8652,0.9446,0.9557,0.8904,0.7668,0.6147,0.4445,0.3093,0.1925,0.1158,0.0614,0.0316,0.0146,0.00634,0.00252,0.000957,0.000309,0.000103,3.13e-05,8.55e-06,2.05e-06,4.1e-07
"18.3",18.3,0.9413,2.44e-10,1.56e-09,8.73e-09,4.4e-08,2.02e-07,9.04e-07,3.86e-06,1.49e-05,5.22e-05,5.22e-05,0.000174,0.000517,0.00149,0.0038,0.00934,0.0206,0.0435,0.0831,0.148,0.2428,0.3673,0.5151,0.6748,0.8114,0.9114,0.9487,0.9093,0.8056,0.6644,0.4943,0.3539,0.2266,0.1402,0.0765,0.0406,0.0192,0.0086,0.00352,0.00137,0.000457,0.000157,4.9e-05,1.38e-05,3.39e-06,6.97e-07
"18.4",18.4,0.9263,1.21e-10,7.94e-10,4.58e-09,2.38e-08,1.12e-07,5.17e-07,2.27e-06,8.99e-06,3.25e-05,3.25e-05,0.000111,0.000341,0.00101,0.00265,0.0067,0.0152,0.033,0.0649,0.119,0.2007,0.3125,0.4508,0.6076,0.7516,0.8685,0.9301,0.9172,0.836,0.7094,0.5429,0.3999,0.2635,0.1677,0.0942,0.0513,0.025,0.0115,0.00485,0.00195,0.000666,0.000235,7.56e-05,2.19e-05,5.55e-06,1.17e-06
"18.5",18.5,0.9098,5.93e-11,4e-10,2.38e-09,1.27e-08,6.16e-08,2.92e-07,1.32e-06,5.37e-06,2e-05,2e-05,7.05e-05,0.000222,0.000677,0.00182,0.00475,0.0111,0.0248,0.0501,0.0943,0.1639,0.2626,0.3897,0.5404,0.6877,0.8175,0.9007,0.9138,0.8569,0.748,0.589,0.4464,0.3025,0.1981,0.1145,0.0642,0.0322,0.0152,0.0066,0.00273,0.00096,0.000349,0.000115,3.43e-05,8.96e-06,1.95e-06
"18.6",18.6,0.8919,2.87e-11,1.99e-10,1.22e-09,6.68e-09,3.34e-08,1.63e-07,7.56e-07,3.17e-06,1.21e-05,1.21e-05,4.4e-05,0.000142,0.000448,0.00124,0.00332,0.00796,0.0184,0.0382,0.0739,0.1322,0.2179,0.3327,0.4747,0.6214,0.7601,0.8616,0.8993,0.8675,0.7791,0.6312,0.4921,0.3431,0.2311,0.1374,0.0793,0.0409,0.0199,0.00888,0.00378,0.00137,0.000511,0.000174,5.32e-05,1.43e-05,3.2e-06
"18.7",18.7,0.8728,1.37e-11,9.8e-11,6.15e-10,3.48e-09,1.79e-08,8.97e-08,4.29e-07,1.85e-06,7.28e-06,7.28e-06,2.72e-05,9.05e-05,0.000292,0.000834,0.0023,0.00566,0.0134,0.0287,0.0572,0.1054,0.1786,0.2806,0.4118,0.5547,0.698,0.814,0.8741,0.8675,0.8016,0.6681,0.5358,0.3844,0.2664,0.1629,0.0967,0.0513,0.0257,0.0118,0.00516,0.00192,0.000739,0.000259,8.14e-05,2.25e-05,5.18e-06
"18.8",18.8,0.8524,6.47e-12,4.76e-11,3.08e-10,1.79e-09,9.46e-09,4.88e-08,2.4e-07,1.07e-06,4.32e-06,4.32e-06,1.66e-05,5.67e-05,0.000189,0.000553,0.00157,0.00398,0.00971,0.0214,0.0438,0.0829,0.1446,0.2338,0.3529,0.4891,0.6332,0.7596,0.8392,0.8569,0.8146,0.6984,0.5763,0.4254,0.3033,0.1908,0.1165,0.0636,0.0328,0.0155,0.00697,0.00267,0.00106,0.00038,0.000123,3.5e-05,8.29e-06
"18.9",18.9,0.8309,3.02e-12,2.28e-11,1.52e-10,9.07e-10,4.94e-09,2.62e-08,1.33e-07,6.06e-07,2.53e-06,2.53e-06,9.97e-06,3.51e-05,0.00012,0.000363,0.00106,0.00276,0.00693,0.0157,0.0331,0.0645,0.1157,0.1923,0.2988,0.4259,0.5673,0.7002,0.7958,0.836,0.8176,0.7212,0.6123,0.4649,0.341,0.2208,0.1387,0.0778,0.0413,0.02,0.00929,0.00366,0.00149,0.000552,0.000184,5.38e-05,1.31e-05
"19",19,0.8084,1.39e-12,1.08e-11,7.4e-11,4.55e-10,2.55e-09,1.39e-08,7.24e-08,3.4e-07,1.46e-06,1.46e-06,5.93e-06,2.15e-05,7.56e-05,0.000235,0.000705,0.00189,0.00489,0.0114,0.0247,0.0495,0.0914,0.1563,0.2498,0.3664,0.502,0.6375,0.7454,0.8056,0.8105,0.7356,0.6425,0.5019,0.3787,0.2522,0.1631,0.0941,0.0514,0.0257,0.0122,0.00496,0.00208,0.000791,0.000271,8.16e-05,2.05e-05
"19.1",19.1,0.7851,6.32e-13,5.06e-12,3.56e-11,2.25e-10,1.3e-09,7.3e-09,3.91e-08,1.89e-07,8.33e-07,8.33e-07,3.48e-06,1.3e-05,4.7e-05,0.00015,0.000464,0.00128,0.0034,0.00816,0.0182,0.0375,0.0713,0.1255,0.2063,0.3113,0.4388,0.5733,0.6896,0.7668,0.7937,0.7411,0.6659,0.5352,0.4155,0.2847,0.1893,0.1124,0.0632,0.0324,0.0159,0.00664,0.00286,0.00112,0.000395,0.000122,3.16e-05
"19.2",19.2,0.761,2.84e-13,2.34e-12,1.69e-11,1.1e-10,6.54e-10,3.78e-09,2.08e-08,1.04e-07,4.7e-07,4.7e-07,2.02e-06,7.75e-06,2.89e-05,9.49e-05,0.000302,0.000857,0.00234,0.00577,0.0133,0.0281,0.0549,0.0995,0.1683,0.2612,0.3789,0.5092,0.6302,0.7209,0.7677,0.7374,0.6817,0.5636,0.4502,0.3174,0.2171,0.1327,0.0767,0.0405,0.0205,0.00877,0.00389,0.00157,0.000569,0.000181,4.81e-05
"19.3",19.3,0.7362,1.26e-13,1.07e-12,7.96e-12,5.33e-11,3.25e-10,1.93e-09,1.1e-08,5.61e-08,2.62e-07,2.62e-07,1.16e-06,4.57e-06,1.75e-05,5.92e-05,0.000194,0.000566,0.00159,0.00404,0.00953,0.0208,0.0418,0.0779,0.1356,0.2165,0.3231,0.4467,0.5688,0.6694,0.7334,0.7248,0.6893,0.5863,0.4818,0.3494,0.246,0.1546,0.092,0.05,0.026,0.0115,0.00522,0.00217,0.000809,0.000265,7.24e-05
"19.4",19.4,0.7109,5.53e-14,4.82e-13,3.69e-12,2.54e-11,1.6e-10,9.77e-10,5.69e-09,3e-08,1.44e-07,1.44e-07,6.55e-07,2.66e-06,1.05e-05,3.65e-05,0.000123,0.000369,0.00107,0.00279,0.00677,0.0152,0.0314,0.0603,0.1079,0.1773,0.2721,0.3871,0.5071,0.614,0.6921,0.7036,0.6885,0.6025,0.5093,0.38,0.2752,0.178,0.109,0.0609,0.0325,0.0148,0.00693,0.00296,0.00114,0.000383,0.000108
"19.5",19.5,0.6852,2.39e-14,2.15e-13,1.69e-12,1.2e-11,7.74e-11,4.87e-10,2.92e-09,1.58e-08,7.83e-08,7.83e-08,3.66e-07,1.53e-06,6.21e-06,2.22e-05,7.69e-05,0.000238,0.000708,0.0019,0.00475,0.011,0.0234,0.046,0.0848,0.1434,0.2264,0.3314,0.4466,0.5563,0.645,0.6747,0.6792,0.6115,0.5318,0.4083,0.3042,0.2024,0.1275,0.0733,0.0403,0.0188,0.00908,0.00399,0.00158,0.000546,0.000158
"19.6",19.6,0.6591,1.02e-14,9.45e-14,7.66e-13,5.59e-12,3.71e-11,2.4e-10,1.48e-09,8.26e-09,4.2e-08,4.2e-08,2.02e-07,8.7e-07,3.63e-06,1.34e-05,4.76e-05,0.000151,0.000463,0.00128,0.00329,0.00783,0.0171,0.0347,0.0658,0.1145,0.1861,0.2801,0.3884,0.4978,0.5938,0.639,0.6618,0.613,0.5485,0.4332,0.332,0.2273,0.1473,0.0871,0.0493,0.0237,0.0117,0.00531,0.00216,0.00077,0.000229
"19.7",19.7,0.6329,4.32e-15,4.11e-14,3.43e-13,2.57e-12,1.76e-11,1.17e-10,7.43e-10,4.26e-09,2.23e-08,2.23e-08,1.1e-07,4.88e-07,2.1e-06,7.94e-06,2.91e-05,9.51e-05,3e-04,0.000852,0.00225,0.00551,0.0124,0.0259,0.0505,0.0903,0.151,0.2339,0.3337,0.4399,0.54,0.5978,0.637,0.607,0.5588,0.454,0.358,0.2521,0.1681,0.1023,0.0595,0.0294,0.015,0.00698,0.00292,0.00107,0.000328
"19.8",19.8,0.6065,1.8e-15,1.76e-14,1.51e-13,1.17e-12,8.21e-12,5.63e-11,3.67e-10,2.17e-09,1.17e-08,1.17e-08,5.94e-08,2.7e-07,1.19e-06,4.66e-06,1.75e-05,5.91e-05,0.000191,0.00056,0.00152,0.00383,0.00888,0.0191,0.0382,0.0704,0.1211,0.193,0.2832,0.3841,0.485,0.5524,0.6055,0.5936,0.5622,0.47,0.3812,0.2762,0.1894,0.1186,0.071,0.0361,0.019,0.00907,0.0039,0.00147,0.000464
"19.9",19.9,0.5802,7.43e-16,7.47e-15,6.6e-14,5.24e-13,3.79e-12,2.67e-11,1.8e-10,1.09e-09,6.03e-09,6.03e-09,3.16e-08,1.48e-07,6.73e-07,2.7e-06,1.05e-05,3.62e-05,0.000121,0.000363,0.00102,0.00263,0.00628,0.0139,0.0286,0.0542,0.0959,0.1572,0.2373,0.3312,0.4303,0.5042,0.5686,0.5735,0.5588,0.4805,0.401,0.2989,0.2109,0.1359,0.0837,0.0438,0.0237,0.0116,0.00515,0.002,0.000648
"20",20,0.5539,3.03e-16,3.13e-15,2.84e-14,2.32e-13,1.73e-12,1.25e-11,8.67e-11,5.41e-10,3.08e-09,3.08e-09,1.66e-08,8.01e-08,3.74e-07,1.54e-06,6.16e-06,2.19e-05,7.53e-05,0.000233,0.000671,0.00179,0.00438,0.01,0.0211,0.0412,0.075,0.1265,0.1965,0.2821,0.377,0.4545,0.5273,0.5472,0.5485,0.4853,0.4167,0.3195,0.232,0.1537,0.0974,0.0524,0.0291,0.0148,0.00672,0.00269,0.000895
"20.1",20.1,0.5279,1.22e-16,1.29e-15,1.21e-14,1.02e-13,7.78e-13,5.81e-12,4.13e-11,2.65e-10,1.56e-09,1.56e-09,8.63e-09,4.28e-08,2.06e-07,8.73e-07,3.58e-06,1.31e-05,4.64e-05,0.000148,0.000437,0.0012,0.00302,0.00707,0.0154,0.0309,0.0579,0.1005,0.1607,0.2373,0.3263,0.4047,0.4831,0.5157,0.5318,0.4841,0.4276,0.3373,0.252,0.1718,0.112,0.062,0.0355,0.0185,0.00865,0.00356,0.00122
"20.2",20.2,0.5021,4.83e-17,5.29e-16,5.09e-15,4.4e-14,3.46e-13,2.66e-12,1.95e-11,1.29e-10,7.75e-10,7.75e-10,4.43e-09,2.26e-08,1.12e-07,4.88e-07,2.06e-06,7.76e-06,2.82e-05,9.23e-05,0.000282,0.000793,0.00206,0.00495,0.0111,0.0229,0.0442,0.0789,0.1298,0.1972,0.279,0.3559,0.4371,0.4801,0.5093,0.477,0.4335,0.3518,0.2703,0.1896,0.1271,0.0725,0.0426,0.0228,0.011,0.00466,0.00164
"20.3",20.3,0.4766,1.9e-17,2.13e-16,2.11e-15,1.88e-14,1.52e-13,1.2e-12,9.05e-12,6.15e-11,3.82e-10,3.82e-10,2.24e-09,1.18e-08,5.99e-08,2.69e-07,1.17e-06,4.53e-06,1.69e-05,5.7e-05,0.000179,0.000519,0.00139,0.00343,0.00793,0.0168,0.0333,0.0612,0.1035,0.1618,0.2355,0.3092,0.3906,0.4414,0.4818,0.4642,0.434,0.3624,0.2865,0.2067,0.1426,0.0836,0.0506,0.0279,0.0138,0.00602,0.00218
"20.4",20.4,0.4516,7.34e-18,8.51e-17,8.66e-16,7.93e-15,6.61e-14,5.37e-13,4.16e-12,2.91e-11,1.86e-10,1.86e-10,1.12e-09,6.05e-09,3.17e-08,1.46e-07,6.54e-07,2.61e-06,1e-05,3.48e-05,0.000112,0.000335,0.000921,0.00234,0.00557,0.0122,0.0248,0.0469,0.0816,0.1312,0.1965,0.2653,0.3449,0.4009,0.4502,0.4462,0.4292,0.3687,0.2999,0.2226,0.158,0.0953,0.0594,0.0337,0.0172,0.00769,0.00287
"20.5",20.5,0.4271,2.81e-18,3.35e-17,3.51e-16,3.3e-15,2.83e-14,2.37e-13,1.89e-12,1.36e-11,8.91e-11,8.91e-11,5.54e-10,3.08e-09,1.66e-08,7.88e-08,3.62e-07,1.49e-06,5.88e-06,2.1e-05,6.97e-05,0.000214,0.000604,0.00158,0.00387,0.0087,0.0182,0.0355,0.0635,0.1051,0.1618,0.2249,0.3007,0.3596,0.4155,0.4237,0.4193,0.3705,0.31,0.2368,0.1729,0.1073,0.0687,0.0401,0.0211,0.0097,0.00372
"20.6",20.6,0.4032,1.06e-18,1.3e-17,1.4e-16,1.36e-15,1.2e-14,1.03e-13,8.46e-13,6.26e-12,4.23e-11,4.23e-11,2.7e-10,1.54e-09,8.56e-09,4.19e-08,1.98e-07,8.37e-07,3.4e-06,1.25e-05,4.27e-05,0.000135,0.000392,0.00106,0.00266,0.00614,0.0133,0.0265,0.0488,0.0831,0.1317,0.1882,0.259,0.3186,0.3787,0.3973,0.4045,0.3678,0.3166,0.2488,0.1869,0.1193,0.0786,0.0472,0.0255,0.0121,0.00477
"20.7",20.7,0.3799,3.97e-19,5e-18,5.55e-17,5.53e-16,5.02e-15,4.44e-14,3.74e-13,2.85e-12,1.98e-11,1.98e-11,1.3e-10,7.66e-10,4.37e-09,2.2e-08,1.07e-07,4.65e-07,1.95e-06,7.35e-06,2.58e-05,8.39e-05,0.000251,0.000696,0.0018,0.00428,0.00951,0.0196,0.0371,0.0649,0.1058,0.1556,0.2203,0.2789,0.341,0.368,0.3855,0.3606,0.3194,0.2582,0.1995,0.1311,0.0889,0.0549,0.0305,0.0149,0.00604
"20.8",20.8,0.3573,1.46e-19,1.9e-18,2.16e-17,2.22e-16,2.07e-15,1.89e-14,1.64e-13,1.28e-12,9.17e-12,9.17e-12,6.21e-11,3.75e-10,2.2e-09,1.14e-08,5.7e-08,2.55e-07,1.1e-06,4.27e-06,1.54e-05,5.16e-05,0.000159,0.000453,0.00121,0.00295,0.00674,0.0143,0.0278,0.0501,0.084,0.1271,0.1851,0.2411,0.3033,0.3367,0.3629,0.3492,0.3182,0.2646,0.2104,0.1422,0.0992,0.063,0.036,0.0181,0.00755
"20.9",20.9,0.3353,5.33e-20,7.12e-19,8.35e-18,8.8e-17,8.46e-16,7.92e-15,7.07e-14,5.7e-13,4.19e-12,4.19e-12,2.92e-11,1.82e-10,1.1e-09,5.84e-09,3.01e-08,1.38e-07,6.13e-07,2.45e-06,9.11e-06,3.13e-05,9.92e-05,0.000291,0.000798,0.00201,0.00472,0.0103,0.0206,0.0382,0.0659,0.1025,0.1536,0.2058,0.2664,0.3043,0.3374,0.334,0.3131,0.2679,0.2191,0.1524,0.1094,0.0715,0.042,0.0217,0.00933
"21",21,0.3142,1.92e-20,2.63e-19,3.18e-18,3.45e-17,3.41e-16,3.29e-15,3.02e-14,2.5e-13,1.89e-12,1.89e-12,1.36e-11,8.68e-11,5.39e-10,2.95e-09,1.56e-08,7.41e-08,3.38e-07,1.39e-06,5.31e-06,1.88e-05,6.12e-05,0.000185,0.000521,0.00135,0.00326,0.0073,0.0151,0.0287,0.051,0.0817,0.1259,0.1736,0.2311,0.2716,0.3098,0.3156,0.3044,0.2679,0.2254,0.1613,0.1191,0.0801,0.0484,0.0257,0.0114
"21.1",21.1,0.2938,6.81e-21,9.63e-20,1.2e-18,1.33e-17,1.36e-16,1.35e-15,1.27e-14,1.08e-13,8.44e-13,8.44e-13,6.22e-12,4.1e-11,2.62e-10,1.48e-09,8.04e-09,3.92e-08,1.84e-07,7.77e-07,3.06e-06,1.11e-05,3.73e-05,0.000116,0.000336,0.000895,0.00223,0.00513,0.0109,0.0214,0.039,0.0643,0.102,0.1446,0.1981,0.2395,0.281,0.2945,0.2922,0.2646,0.2291,0.1686,0.1281,0.0886,0.0551,0.0301,0.0137
"21.2",21.2,0.2742,2.39e-21,3.48e-20,4.44e-19,5.1e-18,5.34e-17,5.44e-16,5.29e-15,4.64e-14,3.72e-13,3.72e-13,2.82e-12,1.91e-11,1.26e-10,7.29e-10,4.08e-09,2.05e-08,9.87e-08,4.3e-07,1.74e-06,6.51e-06,2.25e-05,7.17e-05,0.000214,0.000587,0.0015,0.00356,0.00778,0.0157,0.0295,0.05,0.0815,0.119,0.1677,0.2086,0.2518,0.2715,0.2771,0.2582,0.2299,0.1741,0.1361,0.0969,0.062,0.0349,0.0163
"21.3",21.3,0.2554,8.29e-22,1.24e-20,1.63e-19,1.93e-18,2.07e-17,2.18e-16,2.18e-15,1.96e-14,1.62e-13,1.62e-13,1.26e-12,8.8e-12,5.95e-11,3.55e-10,2.05e-09,1.06e-08,5.24e-08,2.35e-07,9.78e-07,3.77e-06,1.34e-05,4.39e-05,0.000135,0.00038,0.001,0.00244,0.00548,0.0114,0.022,0.0384,0.0644,0.0967,0.1402,0.1794,0.2228,0.2472,0.2595,0.2488,0.228,0.1776,0.1428,0.1046,0.0689,0.0398,0.0192
"21.4",21.4,0.2375,2.84e-22,4.37e-21,5.91e-20,7.18e-19,7.95e-18,8.59e-17,8.83e-16,8.21e-15,6.96e-14,6.96e-14,5.58e-13,4e-12,2.78e-11,1.71e-10,1.01e-09,5.38e-09,2.75e-08,1.27e-07,5.42e-07,2.15e-06,7.84e-06,2.65e-05,8.38e-05,0.000243,0.000658,0.00165,0.00382,0.00816,0.0162,0.0291,0.0503,0.0776,0.1158,0.1524,0.1948,0.2223,0.2401,0.2368,0.2232,0.1789,0.148,0.1115,0.0755,0.045,0.0223
"21.5",21.5,0.2204,9.6e-23,1.52e-21,2.12e-20,2.65e-19,3.01e-18,3.35e-17,3.54e-16,3.39e-15,2.95e-14,2.95e-14,2.44e-13,1.8e-12,1.29e-11,8.13e-11,4.96e-10,2.71e-09,1.42e-08,6.74e-08,2.97e-07,1.21e-06,4.55e-06,1.58e-05,5.15e-05,0.000153,0.000428,0.0011,0.00263,0.00577,0.0118,0.0218,0.0387,0.0615,0.0944,0.1279,0.1682,0.1974,0.2194,0.2226,0.2159,0.178,0.1515,0.1174,0.0819,0.0501,0.0255
"21.6",21.6,0.2042,3.21e-23,5.23e-22,7.48e-21,9.63e-20,1.13e-18,1.29e-17,1.4e-16,1.38e-15,1.24e-14,1.24e-14,1.05e-13,7.98e-13,5.88e-12,3.82e-11,2.4e-10,1.35e-09,7.28e-09,3.55e-08,1.61e-07,6.75e-07,2.61e-06,9.33e-06,3.12e-05,9.58e-05,0.000275,0.00073,0.00178,0.00404,0.0085,0.0161,0.0295,0.0482,0.0761,0.106,0.1434,0.1732,0.1981,0.2067,0.2063,0.1749,0.1532,0.1222,0.0876,0.0552,0.0289
"21.7",21.7,0.1888,1.06e-23,1.78e-22,2.61e-21,3.46e-20,4.17e-19,4.9e-18,5.49e-17,5.56e-16,5.13e-15,5.13e-15,4.48e-14,3.5e-13,2.65e-12,1.77e-11,1.14e-10,6.61e-10,3.68e-09,1.84e-08,8.61e-08,3.71e-07,1.48e-06,5.44e-06,1.87e-05,5.9e-05,0.000174,0.000476,0.0012,0.00279,0.00604,0.0118,0.0222,0.0373,0.0606,0.0868,0.1208,0.1501,0.1766,0.1896,0.1946,0.1698,0.153,0.1255,0.0926,0.06,0.0324
"21.8",21.8,0.1742,3.45e-24,5.95e-23,9.01e-22,1.23e-20,1.52e-19,1.84e-18,2.12e-17,2.21e-16,2.1e-15,2.1e-15,1.89e-14,1.52e-13,1.18e-12,8.12e-12,5.4e-11,3.21e-10,1.84e-09,9.47e-09,4.55e-08,2.02e-07,8.25e-07,3.13e-06,1.11e-05,3.59e-05,0.000109,0.000307,0.000794,0.0019,0.00424,0.00851,0.0165,0.0285,0.0476,0.0702,0.1005,0.1285,0.1555,0.1718,0.1814,0.1629,0.1509,0.1274,0.0967,0.0645,0.0358
"21.9",21.9,0.1604,1.11e-24,1.97e-23,3.07e-22,4.3e-21,5.49e-20,6.83e-19,8.1e-18,8.68e-17,8.48e-16,8.48e-16,7.84e-15,6.48e-14,5.2e-13,3.68e-12,2.51e-11,1.54e-10,9.05e-10,4.8e-09,2.37e-08,1.08e-07,4.56e-07,1.78e-06,6.47e-06,2.16e-05,6.75e-05,0.000195,0.00052,0.00128,0.00294,0.00607,0.0121,0.0215,0.037,0.0561,0.0826,0.1086,0.1352,0.1537,0.167,0.1542,0.1471,0.1277,0.0997,0.0684,0.0391
"22",22,0.1475,3.53e-25,6.45e-24,1.03e-22,1.49e-21,1.96e-20,2.51e-19,3.06e-18,3.37e-17,3.38e-16,3.38e-16,3.22e-15,2.74e-14,2.26e-13,1.64e-12,1.16e-11,7.27e-11,4.4e-10,2.4e-09,1.22e-08,5.74e-08,2.49e-07,9.97e-07,3.73e-06,1.28e-05,4.12e-05,0.000123,0.000336,0.000852,0.00201,0.00427,0.00875,0.016,0.0283,0.0442,0.067,0.0907,0.1162,0.1359,0.1519,0.1443,0.1415,0.1265,0.1016,0.0717,0.0421
"22.1",22.1,0.1353,1.11e-25,2.08e-24,3.44e-23,5.1e-22,6.89e-21,9.07e-20,1.14e-18,1.29e-17,1.33e-16,1.33e-16,1.31e-15,1.14e-14,9.69e-14,7.26e-13,5.25e-12,3.4e-11,2.12e-10,1.19e-09,6.22e-09,3.01e-08,1.34e-07,5.52e-07,2.13e-06,7.53e-06,2.49e-05,7.62e-05,0.000215,0.00056,0.00136,0.00297,0.00626,0.0118,0.0215,0.0345,0.0537,0.0748,0.0986,0.1186,0.1364,0.1333,0.1346,0.1237,0.1022,0.0742,0.0449
"22.2",22.2,0.1239,3.44e-26,6.65e-25,1.13e-23,1.72e-22,2.39e-21,3.24e-20,4.19e-19,4.88e-18,5.19e-17,5.19e-17,5.23e-16,4.71e-15,4.11e-14,3.17e-13,2.36e-12,1.57e-11,1.01e-10,5.81e-10,3.13e-09,1.56e-08,7.13e-08,3.02e-07,1.2e-06,4.36e-06,1.48e-05,4.67e-05,0.000136,0.000363,0.000907,0.00204,0.00443,0.00858,0.0161,0.0265,0.0426,0.0609,0.0826,0.1023,0.121,0.1217,0.1263,0.1195,0.1016,0.0759,0.0472
"22.3",22.3,0.1133,1.06e-26,2.1e-25,3.66e-24,5.75e-23,8.22e-22,1.15e-20,1.52e-19,1.82e-18,2e-17,2e-17,2.07e-16,1.92e-15,1.72e-14,1.36e-13,1.05e-12,7.16e-12,4.72e-11,2.81e-10,1.55e-09,7.95e-09,3.75e-08,1.64e-07,6.67e-07,2.5e-06,8.73e-06,2.83e-05,8.45e-05,0.000233,0.000598,0.00139,0.00309,0.00616,0.0119,0.0202,0.0333,0.049,0.0684,0.0871,0.106,0.1097,0.1172,0.114,0.0997,0.0766,0.049
"22.4",22.4,0.1034,3.19e-27,6.53e-26,1.17e-24,1.89e-23,2.79e-22,4e-21,5.46e-20,6.74e-19,7.59e-18,7.59e-18,8.09e-17,7.7e-16,7.12e-15,5.81e-14,4.58e-13,3.22e-12,2.19e-11,1.34e-10,7.62e-10,4.01e-09,1.94e-08,8.73e-08,3.67e-07,1.41e-06,5.08e-06,1.69e-05,5.2e-05,0.000148,0.00039,0.000929,0.00213,0.00437,0.00866,0.0152,0.0257,0.039,0.0559,0.0733,0.0918,0.0977,0.1073,0.1074,0.0967,0.0764,0.0503
"22.5",22.5,0.0941,9.55e-28,2.01e-26,3.71e-25,6.17e-24,9.33e-23,1.38e-21,1.94e-20,2.46e-19,2.85e-18,2.85e-18,3.12e-17,3.06e-16,2.91e-15,2.44e-14,1.98e-13,1.43e-12,1e-11,6.3e-11,3.69e-10,2e-09,9.97e-09,4.61e-08,1.99e-07,7.88e-07,2.92e-06,1e-05,3.16e-05,9.23e-05,0.000251,0.000615,0.00145,0.00306,0.00625,0.0112,0.0196,0.0306,0.0452,0.0609,0.0785,0.0859,0.0971,0.1,0.0926,0.0753,0.051
"22.6",22.6,0.0856,2.82e-28,6.1e-27,1.16e-25,1.98e-24,3.09e-23,4.69e-22,6.78e-21,8.85e-20,1.06e-18,1.06e-18,1.19e-17,1.2e-16,1.17e-15,1.01e-14,8.45e-14,6.31e-13,4.53e-12,2.93e-11,1.77e-10,9.84e-10,5.05e-09,2.4e-08,1.07e-07,4.35e-07,1.66e-06,5.84e-06,1.9e-05,5.7e-05,0.00016,0.000402,0.000977,0.00212,0.00445,0.00823,0.0148,0.0237,0.036,0.05,0.0662,0.0746,0.0868,0.092,0.0876,0.0733,0.0511
"22.7",22.7,0.0776,8.23e-29,1.83e-27,3.58e-26,6.3e-25,1.01e-23,1.58e-22,2.34e-21,3.15e-20,3.86e-19,3.86e-19,4.49e-18,4.65e-17,4.68e-16,4.16e-15,3.57e-14,2.74e-13,2.02e-12,1.35e-11,8.35e-11,4.79e-10,2.53e-09,1.24e-08,5.65e-08,2.37e-07,9.28e-07,3.37e-06,1.13e-05,3.48e-05,1e-04,0.00026,0.000649,0.00145,0.00313,0.00596,0.011,0.0182,0.0284,0.0405,0.0553,0.064,0.0766,0.0835,0.0819,0.0705,0.0505
"22.8",22.8,0.0703,2.37e-29,5.43e-28,1.09e-26,1.98e-25,3.26e-24,5.23e-23,8.01e-22,1.11e-20,1.4e-19,1.4e-19,1.67e-18,1.78e-17,1.84e-16,1.68e-15,1.49e-14,1.17e-13,8.92e-13,6.11e-12,3.9e-11,2.3e-10,1.25e-09,6.28e-09,2.95e-08,1.27e-07,5.14e-07,1.92e-06,6.6e-06,2.1e-05,6.21e-05,0.000166,0.000426,0.000979,0.00217,0.00426,0.0081,0.0138,0.0221,0.0324,0.0455,0.0543,0.0668,0.0749,0.0755,0.0669,0.0493
"22.9",22.9,0.0635,6.74e-30,1.59e-28,3.29e-27,6.12e-26,1.04e-24,1.72e-23,2.7e-22,3.84e-21,4.99e-20,4.99e-20,6.13e-19,6.73e-18,7.17e-17,6.74e-16,6.12e-15,4.97e-14,3.88e-13,2.74e-12,1.8e-11,1.09e-10,6.09e-10,3.15e-09,1.53e-08,6.77e-08,2.81e-07,1.08e-06,3.82e-06,1.25e-05,3.8e-05,0.000105,0.000276,0.000653,0.00149,0.00301,0.00588,0.0103,0.017,0.0257,0.037,0.0454,0.0575,0.0664,0.0689,0.0627,0.0476
"23",23,0.0573,1.9e-30,4.6e-29,9.79e-28,1.87e-26,3.27e-25,5.56e-24,9.01e-23,1.32e-21,1.76e-20,1.76e-20,2.22e-19,2.51e-18,2.75e-17,2.66e-16,2.49e-15,2.08e-14,1.67e-13,1.21e-12,8.19e-12,5.11e-11,2.94e-10,1.56e-09,7.79e-09,3.56e-08,1.52e-07,6e-07,2.18e-06,7.35e-06,2.3e-05,6.5e-05,0.000177,0.00043,0.00101,0.0021,0.00422,0.00758,0.0129,0.02,0.0298,0.0376,0.049,0.0581,0.062,0.0581,0.0454
"23.1",23.1,0.0516,5.26e-31,1.31e-29,2.88e-28,5.67e-27,1.02e-25,1.78e-24,2.96e-23,4.46e-22,6.13e-21,6.13e-21,7.97e-20,9.26e-19,1.04e-17,1.04e-16,9.99e-16,8.59e-15,7.1e-14,5.3e-13,3.68e-12,2.37e-11,1.4e-10,7.66e-10,3.92e-09,1.84e-08,8.09e-08,3.29e-07,1.23e-06,4.27e-06,1.38e-05,4e-05,0.000112,0.00028,0.000677,0.00144,0.00299,0.00553,0.00968,0.0155,0.0236,0.0307,0.0411,0.0502,0.0551,0.0532,0.0427
"23.2",23.2,0.0464,1.44e-31,3.7e-30,8.35e-29,1.69e-27,3.12e-26,5.62e-25,9.64e-24,1.49e-22,2.11e-21,2.11e-21,2.82e-20,3.37e-19,3.91e-18,4.01e-17,3.96e-16,3.5e-15,2.98e-14,2.29e-13,1.64e-12,1.08e-11,6.58e-11,3.71e-10,1.95e-09,9.44e-09,4.26e-08,1.78e-07,6.88e-07,2.45e-06,8.12e-06,2.43e-05,6.99e-05,0.00018,0.000448,0.000982,0.00209,0.00398,0.00717,0.0118,0.0185,0.0248,0.0341,0.0429,0.0484,0.0481,0.0397
"23.3",23.3,0.0416,3.91e-32,1.03e-30,2.39e-29,4.99e-28,9.48e-27,1.75e-25,3.1e-24,4.93e-23,7.17e-22,7.17e-22,9.87e-21,1.21e-19,1.45e-18,1.53e-17,1.55e-16,1.41e-15,1.24e-14,9.77e-14,7.18e-13,4.88e-12,3.06e-11,1.77e-10,9.6e-10,4.78e-09,2.22e-08,9.55e-08,3.79e-07,1.39e-06,4.73e-06,1.46e-05,4.31e-05,0.000114,0.000292,0.00066,0.00145,0.00283,0.00525,0.00888,0.0144,0.0197,0.028,0.0362,0.042,0.0429,0.0365
"23.4",23.4,0.0372,1.05e-32,2.84e-31,6.78e-30,1.45e-28,2.84e-27,5.41e-26,9.82e-25,1.61e-23,2.41e-22,2.41e-22,3.41e-21,4.31e-20,5.3e-19,5.74e-18,6.01e-17,5.62e-16,5.07e-15,4.12e-14,3.11e-13,2.18e-12,1.4e-11,8.37e-11,4.66e-10,2.39e-09,1.14e-08,5.05e-08,2.06e-07,7.77e-07,2.73e-06,8.63e-06,2.63e-05,7.17e-05,0.000189,0.000438,0.000988,0.00199,0.00379,0.0066,0.011,0.0155,0.0227,0.0301,0.036,0.0378,0.0331
"23.5",23.5,0.0333,2.76e-33,7.72e-32,1.9e-30,4.18e-29,8.41e-28,1.65e-26,3.08e-25,5.19e-24,7.99e-23,7.99e-23,1.16e-21,1.51e-20,1.91e-19,2.13e-18,2.3e-17,2.21e-16,2.05e-15,1.71e-14,1.33e-13,9.59e-13,6.36e-12,3.9e-11,2.24e-10,1.18e-09,5.79e-09,2.64e-08,1.11e-07,4.3e-07,1.55e-06,5.05e-06,1.58e-05,4.44e-05,0.00012,0.000287,0.000666,0.00138,0.00271,0.00485,0.00829,0.0121,0.0181,0.0248,0.0305,0.0329,0.0296
"23.6",23.6,0.0297,7.21e-34,2.07e-32,5.24e-31,1.19e-29,2.46e-28,4.96e-27,9.52e-26,1.65e-24,2.62e-23,2.62e-23,3.92e-22,5.25e-21,6.82e-20,7.82e-19,8.67e-18,8.59e-17,8.19e-16,7.04e-15,5.64e-14,4.17e-13,2.85e-12,1.8e-11,1.06e-10,5.74e-10,2.9e-09,1.36e-08,5.88e-08,2.35e-07,8.71e-07,2.92e-06,9.41e-06,2.72e-05,7.56e-05,0.000186,0.000444,0.000946,0.00191,0.00352,0.00619,0.00926,0.0143,0.0201,0.0255,0.0283,0.0262
"23.7",23.7,0.0264,1.86e-34,5.5e-33,1.43e-31,3.34e-30,7.1e-29,1.47e-27,2.91e-26,5.2e-25,8.46e-24,8.46e-24,1.31e-22,1.8e-21,2.4e-20,2.84e-19,3.23e-18,3.3e-17,3.23e-16,2.86e-15,2.36e-14,1.79e-13,1.26e-12,8.17e-12,4.96e-11,2.76e-10,1.44e-09,6.94e-09,3.08e-08,1.27e-07,4.84e-07,1.67e-06,5.53e-06,1.64e-05,4.7e-05,0.000119,0.000292,0.00064,0.00133,0.00252,0.00456,0.00703,0.0112,0.0162,0.0211,0.0241,0.0229
"23.8",23.8,0.0235,4.73e-35,1.44e-33,3.85e-32,9.25e-31,2.03e-29,4.32e-28,8.79e-27,1.61e-25,2.71e-24,2.71e-24,4.29e-23,6.08e-22,8.37e-21,1.02e-19,1.19e-18,1.25e-17,1.26e-16,1.15e-15,9.72e-15,7.62e-14,5.49e-13,3.67e-12,2.29e-11,1.31e-10,7.04e-10,3.49e-09,1.6e-08,6.74e-08,2.65e-07,9.4e-07,3.21e-06,9.79e-06,2.89e-05,7.52e-05,0.00019,0.000428,0.000915,0.00178,0.00332,0.00526,0.00861,0.0128,0.0172,0.0202,0.0198
"23.9",23.9,0.0208,1.19e-35,3.73e-34,1.03e-32,2.53e-31,5.71e-30,1.25e-28,2.62e-27,4.95e-26,8.54e-25,8.54e-25,1.39e-23,2.03e-22,2.88e-21,3.59e-20,4.33e-19,4.67e-18,4.85e-17,4.55e-16,3.96e-15,3.19e-14,2.37e-13,1.63e-12,1.05e-11,6.18e-11,3.4e-10,1.74e-09,8.16e-09,3.55e-08,1.43e-07,5.24e-07,1.84e-06,5.77e-06,1.75e-05,4.69e-05,0.000122,0.000283,0.000621,0.00125,0.00239,0.00389,0.00655,0.01,0.0138,0.0167,0.0169
"24",24,0.0184,2.96e-36,9.53e-35,2.7e-33,6.86e-32,1.59e-30,3.59e-29,7.72e-28,1.5e-26,2.66e-25,2.66e-25,4.47e-24,6.71e-23,9.76e-22,1.25e-20,1.56e-19,1.73e-18,1.85e-17,1.78e-16,1.6e-15,1.32e-14,1.01e-13,7.15e-13,4.72e-12,2.87e-11,1.62e-10,8.53e-10,4.13e-09,1.84e-08,7.67e-08,2.88e-07,1.04e-06,3.36e-06,1.05e-05,2.89e-05,7.73e-05,0.000185,0.000417,0.000861,0.0017,0.00285,0.00493,0.00777,0.011,0.0137,0.0142
"24.1",24.1,0.0163,7.26e-37,2.41e-35,7e-34,1.83e-32,4.37e-31,1.01e-29,2.25e-28,4.49e-27,8.2e-26,8.2e-26,1.42e-24,2.19e-23,3.27e-22,4.33e-21,5.53e-20,6.31e-19,6.93e-18,6.87e-17,6.34e-16,5.41e-15,4.25e-14,3.09e-13,2.1e-12,1.31e-11,7.66e-11,4.14e-10,2.06e-09,9.47e-09,4.05e-08,1.57e-07,5.82e-07,1.93e-06,6.21e-06,1.76e-05,4.84e-05,0.000119,0.000277,0.000587,0.00119,0.00205,0.00366,0.00593,0.00865,0.0111,0.0118
"24.2",24.2,0.0144,1.76e-37,6e-36,1.8e-34,4.83e-33,1.19e-31,2.83e-30,6.46e-29,1.33e-27,2.49e-26,2.49e-26,4.43e-25,7.04e-24,1.08e-22,1.47e-21,1.94e-20,2.28e-19,2.57e-18,2.62e-17,2.49e-16,2.19e-15,1.77e-14,1.32e-13,9.26e-13,5.94e-12,3.57e-11,1.98e-10,1.01e-09,4.8e-09,2.11e-08,8.4e-08,3.21e-07,1.1e-06,3.63e-06,1.06e-05,2.99e-05,7.57e-05,0.000181,0.000395,0.000825,0.00146,0.00268,0.00448,0.00672,0.00885,0.00972
"24.3",24.3,0.0126,4.21e-38,1.48e-36,4.55e-35,1.26e-33,3.18e-32,7.82e-31,1.83e-29,3.88e-28,7.49e-27,7.49e-27,1.37e-25,2.24e-24,3.55e-23,4.96e-22,6.71e-21,8.11e-20,9.43e-19,9.9e-18,9.67e-17,8.73e-16,7.26e-15,5.59e-14,4.02e-13,2.66e-12,1.64e-11,9.38e-11,4.94e-10,2.4e-09,1.09e-08,4.45e-08,1.75e-07,6.16e-07,2.1e-06,6.29e-06,1.83e-05,4.76e-05,0.000117,0.000263,0.000565,0.00103,0.00194,0.00334,0.00515,0.00699,0.00789
"24.4",24.4,0.0111,9.96e-39,3.59e-37,1.14e-35,3.25e-34,8.42e-33,2.13e-31,5.14e-30,1.12e-28,2.22e-27,2.22e-27,4.18e-26,7.03e-25,1.15e-23,1.65e-22,2.29e-21,2.85e-20,3.41e-19,3.69e-18,3.7e-17,3.44e-16,2.94e-15,2.33e-14,1.73e-13,1.17e-12,7.45e-12,4.39e-11,2.38e-10,1.19e-09,5.55e-09,2.33e-08,9.44e-08,3.42e-07,1.19e-06,3.69e-06,1.1e-05,2.95e-05,7.48e-05,0.000173,0.000382,0.000718,0.00139,0.00246,0.0039,0.00544,0.00632
"24.5",24.5,0.00974,2.33e-39,8.64e-38,2.82e-36,8.25e-35,2.2e-33,5.74e-32,1.42e-30,3.19e-29,6.52e-28,6.52e-28,1.26e-26,2.18e-25,3.66e-24,5.42e-23,7.75e-22,9.92e-21,1.22e-19,1.36e-18,1.4e-17,1.34e-16,1.18e-15,9.61e-15,7.32e-14,5.12e-13,3.34e-12,2.02e-11,1.13e-10,5.81e-10,2.79e-09,1.21e-08,5.02e-08,1.87e-07,6.73e-07,2.14e-06,6.58e-06,1.81e-05,4.72e-05,0.000112,0.000255,0.000493,0.000984,0.00179,0.00292,0.00419,0.00501
"24.6",24.6,0.00853,5.37e-40,2.05e-38,6.87e-37,2.07e-35,5.7e-34,1.53e-32,3.89e-31,8.97e-30,1.89e-28,1.89e-28,3.76e-27,6.68e-26,1.15e-24,1.76e-23,2.59e-22,3.4e-21,4.31e-20,4.93e-19,5.24e-18,5.15e-17,4.66e-16,3.91e-15,3.07e-14,2.21e-13,1.48e-12,9.23e-12,5.29e-11,2.81e-10,1.38e-09,6.16e-09,2.64e-08,1.01e-07,3.74e-07,1.22e-06,3.88e-06,1.1e-05,2.94e-05,7.2e-05,0.000168,0.000335,0.000687,0.00128,0.00216,0.00319,0.00392
"24.7",24.7,0.00745,1.22e-40,4.8e-39,1.66e-37,5.14e-36,1.45e-34,4.01e-33,1.05e-31,2.49e-30,5.4e-29,5.4e-29,1.11e-27,2.02e-26,3.59e-25,5.63e-24,8.52e-23,1.15e-21,1.5e-20,1.77e-19,1.94e-18,1.96e-17,1.82e-16,1.57e-15,1.27e-14,9.39e-14,6.49e-13,4.16e-12,2.45e-11,1.34e-10,6.79e-10,3.11e-09,1.37e-08,5.4e-08,2.06e-07,6.91e-07,2.25e-06,6.57e-06,1.81e-05,4.56e-05,0.00011,0.000224,0.000474,0.000911,0.00158,0.00239,0.00303
"24.8",24.8,0.00649,2.75e-41,1.11e-39,3.95e-38,1.26e-36,3.67e-35,1.04e-33,2.81e-32,6.85e-31,1.52e-29,1.52e-29,3.21e-28,6.05e-27,1.11e-25,1.78e-24,2.78e-23,3.87e-22,5.18e-21,6.27e-20,7.06e-19,7.34e-18,7.04e-17,6.25e-16,5.18e-15,3.95e-14,2.81e-13,1.85e-12,1.12e-11,6.3e-11,3.29e-10,1.55e-09,7.03e-09,2.85e-08,1.12e-07,3.86e-07,1.3e-06,3.88e-06,1.1e-05,2.85e-05,7.06e-05,0.000149,0.000323,0.000638,0.00114,0.00177,0.00231
"24.9",24.9,0.00565,6.12e-42,2.54e-40,9.29e-39,3.05e-37,9.13e-36,2.66e-34,7.4e-33,1.86e-31,4.25e-30,4.25e-30,9.22e-29,1.79e-27,3.36e-26,5.57e-25,8.92e-24,1.28e-22,1.76e-21,2.2e-20,2.54e-19,2.72e-18,2.68e-17,2.45e-16,2.09e-15,1.64e-14,1.2e-13,8.13e-13,5.08e-12,2.93e-11,1.57e-10,7.63e-10,3.56e-09,1.49e-08,5.99e-08,2.13e-07,7.35e-07,2.27e-06,6.61e-06,1.76e-05,4.49e-05,9.71e-05,0.000217,0.000442,0.000809,0.0013,0.00174
"25",25,0.00491,1.34e-42,5.75e-41,2.16e-39,7.3e-38,2.25e-36,6.74e-35,1.93e-33,4.97e-32,1.17e-30,1.17e-30,2.62e-29,5.21e-28,1.01e-26,1.72e-25,2.83e-24,4.18e-23,5.93e-22,7.59e-21,9.05e-20,9.96e-19,1.01e-17,9.5e-17,8.34e-16,6.72e-15,5.06e-14,3.53e-13,2.27e-12,1.35e-11,7.44e-11,3.71e-10,1.78e-09,7.64e-09,3.17e-08,1.16e-07,4.12e-07,1.31e-06,3.92e-06,1.08e-05,2.82e-05,6.27e-05,0.000144,0.000302,0.000569,0.000941,0.0013
"25.1",25.1,0,0,0,0,0,0,0,0,0,0,0,0,0,0,0,0,0,0,0,0,0,0,0,0,0,0,0,0,0,0,0,0,0,0,0,0,0,0,0,0,0,0,0,0,0,0
"25.2",25.2,0,0,0,0,0,0,0,0,0,0,0,0,0,0,0,0,0,0,0,0,0,0,0,0,0,0,0,0,0,0,0,0,0,0,0,0,0,0,0,0,0,0,0,0,0,0
"25.3",25.3,0,0,0,0,0,0,0,0,0,0,0,0,0,0,0,0,0,0,0,0,0,0,0,0,0,0,0,0,0,0,0,0,0,0,0,0,0,0,0,0,0,0,0,0,0,0
"25.4",25.4,0,0,0,0,0,0,0,0,0,0,0,0,0,0,0,0,0,0,0,0,0,0,0,0,0,0,0,0,0,0,0,0,0,0,0,0,0,0,0,0,0,0,0,0,0,0
"25.5",25.5,0,0,0,0,0,0,0,0,0,0,0,0,0,0,0,0,0,0,0,0,0,0,0,0,0,0,0,0,0,0,0,0,0,0,0,0,0,0,0,0,0,0,0,0,0,0
"25.6",25.6,0,0,0,0,0,0,0,0,0,0,0,0,0,0,0,0,0,0,0,0,0,0,0,0,0,0,0,0,0,0,0,0,0,0,0,0,0,0,0,0,0,0,0,0,0,0
"25.7",25.7,0,0,0,0,0,0,0,0,0,0,0,0,0,0,0,0,0,0,0,0,0,0,0,0,0,0,0,0,0,0,0,0,0,0,0,0,0,0,0,0,0,0,0,0,0,0
"25.8",25.8,0,0,0,0,0,0,0,0,0,0,0,0,0,0,0,0,0,0,0,0,0,0,0,0,0,0,0,0,0,0,0,0,0,0,0,0,0,0,0,0,0,0,0,0,0,0
"25.9",25.9,0,0,0,0,0,0,0,0,0,0,0,0,0,0,0,0,0,0,0,0,0,0,0,0,0,0,0,0,0,0,0,0,0,0,0,0,0,0,0,0,0,0,0,0,0,0
"26",26,0,0,0,0,0,0,0,0,0,0,0,0,0,0,0,0,0,0,0,0,0,0,0,0,0,0,0,0,0,0,0,0,0,0,0,0,0,0,0,0,0,0,0,0,0,0
"26.1",26.1,0,0,0,0,0,0,0,0,0,0,0,0,0,0,0,0,0,0,0,0,0,0,0,0,0,0,0,0,0,0,0,0,0,0,0,0,0,0,0,0,0,0,0,0,0,0
"26.2",26.2,0,0,0,0,0,0,0,0,0,0,0,0,0,0,0,0,0,0,0,0,0,0,0,0,0,0,0,0,0,0,0,0,0,0,0,0,0,0,0,0,0,0,0,0,0,0
"26.3",26.3,0,0,0,0,0,0,0,0,0,0,0,0,0,0,0,0,0,0,0,0,0,0,0,0,0,0,0,0,0,0,0,0,0,0,0,0,0,0,0,0,0,0,0,0,0,0
"26.4",26.4,0,0,0,0,0,0,0,0,0,0,0,0,0,0,0,0,0,0,0,0,0,0,0,0,0,0,0,0,0,0,0,0,0,0,0,0,0,0,0,0,0,0,0,0,0,0
"26.5",26.5,0,0,0,0,0,0,0,0,0,0,0,0,0,0,0,0,0,0,0,0,0,0,0,0,0,0,0,0,0,0,0,0,0,0,0,0,0,0,0,0,0,0,0,0,0,0
"26.6",26.6,0,0,0,0,0,0,0,0,0,0,0,0,0,0,0,0,0,0,0,0,0,0,0,0,0,0,0,0,0,0,0,0,0,0,0,0,0,0,0,0,0,0,0,0,0,0
"26.7",26.7,0,0,0,0,0,0,0,0,0,0,0,0,0,0,0,0,0,0,0,0,0,0,0,0,0,0,0,0,0,0,0,0,0,0,0,0,0,0,0,0,0,0,0,0,0,0
"26.8",26.8,0,0,0,0,0,0,0,0,0,0,0,0,0,0,0,0,0,0,0,0,0,0,0,0,0,0,0,0,0,0,0,0,0,0,0,0,0,0,0,0,0,0,0,0,0,0
"26.9",26.9,0,0,0,0,0,0,0,0,0,0,0,0,0,0,0,0,0,0,0,0,0,0,0,0,0,0,0,0,0,0,0,0,0,0,0,0,0,0,0,0,0,0,0,0,0,0
"27",27,0,0,0,0,0,0,0,0,0,0,0,0,0,0,0,0,0,0,0,0,0,0,0,0,0,0,0,0,0,0,0,0,0,0,0,0,0,0,0,0,0,0,0,0,0,0
"27.1",27.1,0,0,0,0,0,0,0,0,0,0,0,0,0,0,0,0,0,0,0,0,0,0,0,0,0,0,0,0,0,0,0,0,0,0,0,0,0,0,0,0,0,0,0,0,0,0
"27.2",27.2,0,0,0,0,0,0,0,0,0,0,0,0,0,0,0,0,0,0,0,0,0,0,0,0,0,0,0,0,0,0,0,0,0,0,0,0,0,0,0,0,0,0,0,0,0,0
"27.3",27.3,0,0,0,0,0,0,0,0,0,0,0,0,0,0,0,0,0,0,0,0,0,0,0,0,0,0,0,0,0,0,0,0,0,0,0,0,0,0,0,0,0,0,0,0,0,0
"27.4",27.4,0,0,0,0,0,0,0,0,0,0,0,0,0,0,0,0,0,0,0,0,0,0,0,0,0,0,0,0,0,0,0,0,0,0,0,0,0,0,0,0,0,0,0,0,0,0
"27.5",27.5,0,0,0,0,0,0,0,0,0,0,0,0,0,0,0,0,0,0,0,0,0,0,0,0,0,0,0,0,0,0,0,0,0,0,0,0,0,0,0,0,0,0,0,0,0,0
"27.6",27.6,0,0,0,0,0,0,0,0,0,0,0,0,0,0,0,0,0,0,0,0,0,0,0,0,0,0,0,0,0,0,0,0,0,0,0,0,0,0,0,0,0,0,0,0,0,0
"27.7",27.7,0,0,0,0,0,0,0,0,0,0,0,0,0,0,0,0,0,0,0,0,0,0,0,0,0,0,0,0,0,0,0,0,0,0,0,0,0,0,0,0,0,0,0,0,0,0
"27.8",27.8,0,0,0,0,0,0,0,0,0,0,0,0,0,0,0,0,0,0,0,0,0,0,0,0,0,0,0,0,0,0,0,0,0,0,0,0,0,0,0,0,0,0,0,0,0,0
"27.9",27.9,0,0,0,0,0,0,0,0,0,0,0,0,0,0,0,0,0,0,0,0,0,0,0,0,0,0,0,0,0,0,0,0,0,0,0,0,0,0,0,0,0,0,0,0,0,0
"28",28,0,0,0,0,0,0,0,0,0,0,0,0,0,0,0,0,0,0,0,0,0,0,0,0,0,0,0,0,0,0,0,0,0,0,0,0,0,0,0,0,0,0,0,0,0,0
"28.1",28.1,0,0,0,0,0,0,0,0,0,0,0,0,0,0,0,0,0,0,0,0,0,0,0,0,0,0,0,0,0,0,0,0,0,0,0,0,0,0,0,0,0,0,0,0,0,0
"28.2",28.2,0,0,0,0,0,0,0,0,0,0,0,0,0,0,0,0,0,0,0,0,0,0,0,0,0,0,0,0,0,0,0,0,0,0,0,0,0,0,0,0,0,0,0,0,0,0
"28.3",28.3,0,0,0,0,0,0,0,0,0,0,0,0,0,0,0,0,0,0,0,0,0,0,0,0,0,0,0,0,0,0,0,0,0,0,0,0,0,0,0,0,0,0,0,0,0,0
"28.4",28.4,0,0,0,0,0,0,0,0,0,0,0,0,0,0,0,0,0,0,0,0,0,0,0,0,0,0,0,0,0,0,0,0,0,0,0,0,0,0,0,0,0,0,0,0,0,0
"28.5",28.5,0,0,0,0,0,0,0,0,0,0,0,0,0,0,0,0,0,0,0,0,0,0,0,0,0,0,0,0,0,0,0,0,0,0,0,0,0,0,0,0,0,0,0,0,0,0
"28.6",28.6,0,0,0,0,0,0,0,0,0,0,0,0,0,0,0,0,0,0,0,0,0,0,0,0,0,0,0,0,0,0,0,0,0,0,0,0,0,0,0,0,0,0,0,0,0,0
"28.7",28.7,0,0,0,0,0,0,0,0,0,0,0,0,0,0,0,0,0,0,0,0,0,0,0,0,0,0,0,0,0,0,0,0,0,0,0,0,0,0,0,0,0,0,0,0,0,0
"28.8",28.8,0,0,0,0,0,0,0,0,0,0,0,0,0,0,0,0,0,0,0,0,0,0,0,0,0,0,0,0,0,0,0,0,0,0,0,0,0,0,0,0,0,0,0,0,0,0
"28.9",28.9,0,0,0,0,0,0,0,0,0,0,0,0,0,0,0,0,0,0,0,0,0,0,0,0,0,0,0,0,0,0,0,0,0,0,0,0,0,0,0,0,0,0,0,0,0,0
"29",29,0,0,0,0,0,0,0,0,0,0,0,0,0,0,0,0,0,0,0,0,0,0,0,0,0,0,0,0,0,0,0,0,0,0,0,0,0,0,0,0,0,0,0,0,0,0
"29.1",29.1,0,0,0,0,0,0,0,0,0,0,0,0,0,0,0,0,0,0,0,0,0,0,0,0,0,0,0,0,0,0,0,0,0,0,0,0,0,0,0,0,0,0,0,0,0,0
"29.2",29.2,0,0,0,0,0,0,0,0,0,0,0,0,0,0,0,0,0,0,0,0,0,0,0,0,0,0,0,0,0,0,0,0,0,0,0,0,0,0,0,0,0,0,0,0,0,0
"29.3",29.3,0,0,0,0,0,0,0,0,0,0,0,0,0,0,0,0,0,0,0,0,0,0,0,0,0,0,0,0,0,0,0,0,0,0,0,0,0,0,0,0,0,0,0,0,0,0
"29.4",29.4,0,0,0,0,0,0,0,0,0,0,0,0,0,0,0,0,0,0,0,0,0,0,0,0,0,0,0,0,0,0,0,0,0,0,0,0,0,0,0,0,0,0,0,0,0,0
"29.5",29.5,0,0,0,0,0,0,0,0,0,0,0,0,0,0,0,0,0,0,0,0,0,0,0,0,0,0,0,0,0,0,0,0,0,0,0,0,0,0,0,0,0,0,0,0,0,0
"29.6",29.6,0,0,0,0,0,0,0,0,0,0,0,0,0,0,0,0,0,0,0,0,0,0,0,0,0,0,0,0,0,0,0,0,0,0,0,0,0,0,0,0,0,0,0,0,0,0
"29.7",29.7,0,0,0,0,0,0,0,0,0,0,0,0,0,0,0,0,0,0,0,0,0,0,0,0,0,0,0,0,0,0,0,0,0,0,0,0,0,0,0,0,0,0,0,0,0,0
"29.8",29.8,0,0,0,0,0,0,0,0,0,0,0,0,0,0,0,0,0,0,0,0,0,0,0,0,0,0,0,0,0,0,0,0,0,0,0,0,0,0,0,0,0,0,0,0,0,0
"29.9",29.9,0,0,0,0,0,0,0,0,0,0,0,0,0,0,0,0,0,0,0,0,0,0,0,0,0,0,0,0,0,0,0,0,0,0,0,0,0,0,0,0,0,0,0,0,0,0
"30",30,0,0,0,0,0,0,0,0,0,0,0,0,0,0,0,0,0,0,0,0,0,0,0,0,0,0,0,0,0,0,0,0,0,0,0,0,0,0,0,0,0,0,0,0,0,0
"30.1",30.1,0,0,0,0,0,0,0,0,0,0,0,0,0,0,0,0,0,0,0,0,0,0,0,0,0,0,0,0,0,0,0,0,0,0,0,0,0,0,0,0,0,0,0,0,0,0
"30.2",30.2,0,0,0,0,0,0,0,0,0,0,0,0,0,0,0,0,0,0,0,0,0,0,0,0,0,0,0,0,0,0,0,0,0,0,0,0,0,0,0,0,0,0,0,0,0,0
"30.3",30.3,0,0,0,0,0,0,0,0,0,0,0,0,0,0,0,0,0,0,0,0,0,0,0,0,0,0,0,0,0,0,0,0,0,0,0,0,0,0,0,0,0,0,0,0,0,0
"30.4",30.4,0,0,0,0,0,0,0,0,0,0,0,0,0,0,0,0,0,0,0,0,0,0,0,0,0,0,0,0,0,0,0,0,0,0,0,0,0,0,0,0,0,0,0,0,0,0
"30.5",30.5,0,0,0,0,0,0,0,0,0,0,0,0,0,0,0,0,0,0,0,0,0,0,0,0,0,0,0,0,0,0,0,0,0,0,0,0,0,0,0,0,0,0,0,0,0,0
"30.6",30.6,0,0,0,0,0,0,0,0,0,0,0,0,0,0,0,0,0,0,0,0,0,0,0,0,0,0,0,0,0,0,0,0,0,0,0,0,0,0,0,0,0,0,0,0,0,0
"30.7",30.7,0,0,0,0,0,0,0,0,0,0,0,0,0,0,0,0,0,0,0,0,0,0,0,0,0,0,0,0,0,0,0,0,0,0,0,0,0,0,0,0,0,0,0,0,0,0
"30.8",30.8,0,0,0,0,0,0,0,0,0,0,0,0,0,0,0,0,0,0,0,0,0,0,0,0,0,0,0,0,0,0,0,0,0,0,0,0,0,0,0,0,0,0,0,0,0,0
"30.9",30.9,0,0,0,0,0,0,0,0,0,0,0,0,0,0,0,0,0,0,0,0,0,0,0,0,0,0,0,0,0,0,0,0,0,0,0,0,0,0,0,0,0,0,0,0,0,0
"31",31,0,0,0,0,0,0,0,0,0,0,0,0,0,0,0,0,0,0,0,0,0,0,0,0,0,0,0,0,0,0,0,0,0,0,0,0,0,0,0,0,0,0,0,0,0,0
"31.1",31.1,0,0,0,0,0,0,0,0,0,0,0,0,0,0,0,0,0,0,0,0,0,0,0,0,0,0,0,0,0,0,0,0,0,0,0,0,0,0,0,0,0,0,0,0,0,0
"31.2",31.2,0,0,0,0,0,0,0,0,0,0,0,0,0,0,0,0,0,0,0,0,0,0,0,0,0,0,0,0,0,0,0,0,0,0,0,0,0,0,0,0,0,0,0,0,0,0
"31.3",31.3,0,0,0,0,0,0,0,0,0,0,0,0,0,0,0,0,0,0,0,0,0,0,0,0,0,0,0,0,0,0,0,0,0,0,0,0,0,0,0,0,0,0,0,0,0,0
"31.4",31.4,0,0,0,0,0,0,0,0,0,0,0,0,0,0,0,0,0,0,0,0,0,0,0,0,0,0,0,0,0,0,0,0,0,0,0,0,0,0,0,0,0,0,0,0,0,0
"31.5",31.5,0,0,0,0,0,0,0,0,0,0,0,0,0,0,0,0,0,0,0,0,0,0,0,0,0,0,0,0,0,0,0,0,0,0,0,0,0,0,0,0,0,0,0,0,0,0
"31.6",31.6,0,0,0,0,0,0,0,0,0,0,0,0,0,0,0,0,0,0,0,0,0,0,0,0,0,0,0,0,0,0,0,0,0,0,0,0,0,0,0,0,0,0,0,0,0,0
"31.7",31.7,0,0,0,0,0,0,0,0,0,0,0,0,0,0,0,0,0,0,0,0,0,0,0,0,0,0,0,0,0,0,0,0,0,0,0,0,0,0,0,0,0,0,0,0,0,0
"31.8",31.8,0,0,0,0,0,0,0,0,0,0,0,0,0,0,0,0,0,0,0,0,0,0,0,0,0,0,0,0,0,0,0,0,0,0,0,0,0,0,0,0,0,0,0,0,0,0
"31.9",31.9,0,0,0,0,0,0,0,0,0,0,0,0,0,0,0,0,0,0,0,0,0,0,0,0,0,0,0,0,0,0,0,0,0,0,0,0,0,0,0,0,0,0,0,0,0,0
"32",32,0,0,0,0,0,0,0,0,0,0,0,0,0,0,0,0,0,0,0,0,0,0,0,0,0,0,0,0,0,0,0,0,0,0,0,0,0,0,0,0,0,0,0,0,0,0
"32.1",32.1,0,0,0,0,0,0,0,0,0,0,0,0,0,0,0,0,0,0,0,0,0,0,0,0,0,0,0,0,0,0,0,0,0,0,0,0,0,0,0,0,0,0,0,0,0,0
"32.2",32.2,0,0,0,0,0,0,0,0,0,0,0,0,0,0,0,0,0,0,0,0,0,0,0,0,0,0,0,0,0,0,0,0,0,0,0,0,0,0,0,0,0,0,0,0,0,0
"32.3",32.3,0,0,0,0,0,0,0,0,0,0,0,0,0,0,0,0,0,0,0,0,0,0,0,0,0,0,0,0,0,0,0,0,0,0,0,0,0,0,0,0,0,0,0,0,0,0
"32.4",32.4,0,0,0,0,0,0,0,0,0,0,0,0,0,0,0,0,0,0,0,0,0,0,0,0,0,0,0,0,0,0,0,0,0,0,0,0,0,0,0,0,0,0,0,0,0,0
"32.5",32.5,0,0,0,0,0,0,0,0,0,0,0,0,0,0,0,0,0,0,0,0,0,0,0,0,0,0,0,0,0,0,0,0,0,0,0,0,0,0,0,0,0,0,0,0,0,0
"32.6",32.6,0,0,0,0,0,0,0,0,0,0,0,0,0,0,0,0,0,0,0,0,0,0,0,0,0,0,0,0,0,0,0,0,0,0,0,0,0,0,0,0,0,0,0,0,0,0
"32.7",32.7,0,0,0,0,0,0,0,0,0,0,0,0,0,0,0,0,0,0,0,0,0,0,0,0,0,0,0,0,0,0,0,0,0,0,0,0,0,0,0,0,0,0,0,0,0,0
"32.8",32.8,0,0,0,0,0,0,0,0,0,0,0,0,0,0,0,0,0,0,0,0,0,0,0,0,0,0,0,0,0,0,0,0,0,0,0,0,0,0,0,0,0,0,0,0,0,0
"32.9",32.9,0,0,0,0,0,0,0,0,0,0,0,0,0,0,0,0,0,0,0,0,0,0,0,0,0,0,0,0,0,0,0,0,0,0,0,0,0,0,0,0,0,0,0,0,0,0
"33",33,0,0,0,0,0,0,0,0,0,0,0,0,0,0,0,0,0,0,0,0,0,0,0,0,0,0,0,0,0,0,0,0,0,0,0,0,0,0,0,0,0,0,0,0,0,0
"33.1",33.1,0,0,0,0,0,0,0,0,0,0,0,0,0,0,0,0,0,0,0,0,0,0,0,0,0,0,0,0,0,0,0,0,0,0,0,0,0,0,0,0,0,0,0,0,0,0
"33.2",33.2,0,0,0,0,0,0,0,0,0,0,0,0,0,0,0,0,0,0,0,0,0,0,0,0,0,0,0,0,0,0,0,0,0,0,0,0,0,0,0,0,0,0,0,0,0,0
"33.3",33.3,0,0,0,0,0,0,0,0,0,0,0,0,0,0,0,0,0,0,0,0,0,0,0,0,0,0,0,0,0,0,0,0,0,0,0,0,0,0,0,0,0,0,0,0,0,0
"33.4",33.4,0,0,0,0,0,0,0,0,0,0,0,0,0,0,0,0,0,0,0,0,0,0,0,0,0,0,0,0,0,0,0,0,0,0,0,0,0,0,0,0,0,0,0,0,0,0
"33.5",33.5,0,0,0,0,0,0,0,0,0,0,0,0,0,0,0,0,0,0,0,0,0,0,0,0,0,0,0,0,0,0,0,0,0,0,0,0,0,0,0,0,0,0,0,0,0,0
"33.6",33.6,0,0,0,0,0,0,0,0,0,0,0,0,0,0,0,0,0,0,0,0,0,0,0,0,0,0,0,0,0,0,0,0,0,0,0,0,0,0,0,0,0,0,0,0,0,0
"33.7",33.7,0,0,0,0,0,0,0,0,0,0,0,0,0,0,0,0,0,0,0,0,0,0,0,0,0,0,0,0,0,0,0,0,0,0,0,0,0,0,0,0,0,0,0,0,0,0
"33.8",33.8,0,0,0,0,0,0,0,0,0,0,0,0,0,0,0,0,0,0,0,0,0,0,0,0,0,0,0,0,0,0,0,0,0,0,0,0,0,0,0,0,0,0,0,0,0,0
"33.9",33.9,0,0,0,0,0,0,0,0,0,0,0,0,0,0,0,0,0,0,0,0,0,0,0,0,0,0,0,0,0,0,0,0,0,0,0,0,0,0,0,0,0,0,0,0,0,0
"34",34,0,0,0,0,0,0,0,0,0,0,0,0,0,0,0,0,0,0,0,0,0,0,0,0,0,0,0,0,0,0,0,0,0,0,0,0,0,0,0,0,0,0,0,0,0,0
"34.1",34.1,0,0,0,0,0,0,0,0,0,0,0,0,0,0,0,0,0,0,0,0,0,0,0,0,0,0,0,0,0,0,0,0,0,0,0,0,0,0,0,0,0,0,0,0,0,0
"34.2",34.2,0,0,0,0,0,0,0,0,0,0,0,0,0,0,0,0,0,0,0,0,0,0,0,0,0,0,0,0,0,0,0,0,0,0,0,0,0,0,0,0,0,0,0,0,0,0
"34.3",34.3,0,0,0,0,0,0,0,0,0,0,0,0,0,0,0,0,0,0,0,0,0,0,0,0,0,0,0,0,0,0,0,0,0,0,0,0,0,0,0,0,0,0,0,0,0,0
"34.4",34.4,0,0,0,0,0,0,0,0,0,0,0,0,0,0,0,0,0,0,0,0,0,0,0,0,0,0,0,0,0,0,0,0,0,0,0,0,0,0,0,0,0,0,0,0,0,0
"34.5",34.5,0,0,0,0,0,0,0,0,0,0,0,0,0,0,0,0,0,0,0,0,0,0,0,0,0,0,0,0,0,0,0,0,0,0,0,0,0,0,0,0,0,0,0,0,0,0
"34.6",34.6,0,0,0,0,0,0,0,0,0,0,0,0,0,0,0,0,0,0,0,0,0,0,0,0,0,0,0,0,0,0,0,0,0,0,0,0,0,0,0,0,0,0,0,0,0,0
"34.7",34.7,0,0,0,0,0,0,0,0,0,0,0,0,0,0,0,0,0,0,0,0,0,0,0,0,0,0,0,0,0,0,0,0,0,0,0,0,0,0,0,0,0,0,0,0,0,0
"34.8",34.8,0,0,0,0,0,0,0,0,0,0,0,0,0,0,0,0,0,0,0,0,0,0,0,0,0,0,0,0,0,0,0,0,0,0,0,0,0,0,0,0,0,0,0,0,0,0
"34.9",34.9,0,0,0,0,0,0,0,0,0,0,0,0,0,0,0,0,0,0,0,0,0,0,0,0,0,0,0,0,0,0,0,0,0,0,0,0,0,0,0,0,0,0,0,0,0,0
"35",35,0,0,0,0,0,0,0,0,0,0,0,0,0,0,0,0,0,0,0,0,0,0,0,0,0,0,0,0,0,0,0,0,0,0,0,0,0,0,0,0,0,0,0,0,0,0
