"from","to"
11,1
12,2
13,3
14,4
15,5
16,6
17,7
18,8
20,10
21,11
22,12
23,13
24,14
25,15
26,16
27,17
29,19
30,20
31,21
32,22
33,23
34,24
35,25
36,26
38,28
39,29
40,30
41,31
42,32
43,33
44,34
45,35
47,37
48,38
49,39
50,40
51,41
52,42
53,43
54,44
56,46
57,47
58,48
59,49
60,50
61,51
62,52
63,53
65,55
66,56
67,57
68,58
69,59
70,60
71,61
72,62
74,64
75,65
76,66
77,67
78,68
79,69
80,70
81,71
83,73
84,74
85,75
86,76
87,77
88,78
89,79
90,80
92,82
93,83
94,84
95,85
96,86
97,87
98,88
99,89
101,91
102,92
103,93
104,94
105,95
106,96
107,97
108,98
110,100
111,101
112,102
113,103
114,104
115,105
116,106
117,107
119,109
120,110
121,111
122,112
123,113
124,114
125,115
126,116
128,118
129,119
130,120
131,121
132,122
133,123
134,124
135,125
137,127
138,128
139,129
140,130
141,131
142,132
143,133
144,134
146,136
147,137
148,138
149,139
150,140
151,141
152,142
153,143
155,145
156,146
157,147
158,148
159,149
160,150
161,151
162,152
164,154
165,155
166,156
167,157
168,158
169,159
170,160
171,161
173,163
174,164
175,165
176,166
177,167
178,168
179,169
180,170
182,172
183,173
184,174
185,175
186,176
187,177
188,178
189,179
191,181
192,182
193,183
194,184
195,185
196,186
197,187
198,188
200,190
201,191
202,192
203,193
204,194
205,195
206,196
207,197
209,199
210,200
211,201
212,202
213,203
214,204
215,205
216,206
218,208
219,209
220,210
221,211
222,212
223,213
224,214
225,215
227,217
228,218
229,219
230,220
231,221
232,222
233,223
234,224
236,226
237,227
238,228
239,229
240,230
241,231
242,232
243,233
245,235
246,236
247,237
248,238
249,239
250,240
251,241
252,242
254,244
255,245
256,246
257,247
258,248
259,249
260,250
261,251
263,253
264,254
265,255
266,256
267,257
268,258
269,259
270,260
272,262
273,263
274,264
275,265
276,266
277,267
278,268
279,269
281,271
282,272
283,273
284,274
285,275
286,276
287,277
288,278
290,280
291,281
292,282
293,283
294,284
295,285
296,286
297,287
299,289
300,290
301,291
302,292
303,293
304,294
305,295
306,296
308,298
309,299
310,300
311,301
312,302
313,303
314,304
315,305
317,307
318,308
319,309
320,310
321,311
322,312
323,313
324,314
326,316
327,317
328,318
329,319
330,320
331,321
332,322
333,323
335,325
336,326
337,327
338,328
339,329
340,330
341,331
342,332
344,334
345,335
346,336
347,337
348,338
349,339
350,340
351,341
353,343
354,344
355,345
356,346
357,347
358,348
359,349
360,350
362,352
363,353
364,354
365,355
366,356
367,357
368,358
369,359
371,361
372,362
373,363
374,364
375,365
376,366
377,367
378,368
380,370
381,371
382,372
383,373
384,374
385,375
386,376
387,377
389,379
390,380
391,381
392,382
393,383
394,384
395,385
396,386
398,388
399,389
400,390
401,391
402,392
403,393
404,394
405,395
407,397
408,398
409,399
410,400
411,401
412,402
413,403
414,404
416,406
417,407
418,408
419,409
420,410
421,411
422,412
423,413
425,415
426,416
427,417
428,418
429,419
430,420
431,421
432,422
434,424
435,425
436,426
437,427
438,428
439,429
440,430
441,431
443,433
444,434
445,435
446,436
447,437
448,438
449,439
450,440
452,442
453,443
454,444
455,445
456,446
457,447
458,448
459,449
461,451
462,452
463,453
464,454
465,455
466,456
467,457
468,458
470,460
471,461
472,462
473,463
474,464
475,465
476,466
477,467
479,469
480,470
481,471
482,472
483,473
484,474
485,475
486,476
488,478
489,479
490,480
491,481
492,482
493,483
494,484
495,485
497,487
498,488
499,489
500,490
501,491
502,492
503,493
504,494
506,496
507,497
508,498
509,499
510,500
511,501
512,502
513,503
515,505
516,506
517,507
518,508
519,509
520,510
521,511
522,512
524,514
525,515
526,516
527,517
528,518
529,519
530,520
531,521
533,523
534,524
535,525
536,526
537,527
538,528
539,529
540,530
542,532
543,533
544,534
545,535
546,536
547,537
548,538
549,539
551,541
552,542
553,543
554,544
555,545
556,546
557,547
558,548
560,550
561,551
562,552
563,553
564,554
565,555
566,556
567,557
569,559
570,560
571,561
572,562
573,563
574,564
575,565
576,566
578,568
579,569
580,570
581,571
582,572
583,573
584,574
585,575
587,577
588,578
589,579
590,580
591,581
592,582
593,583
594,584
2,1
3,2
4,3
5,4
6,5
7,6
8,7
9,8
11,10
12,11
13,12
14,13
15,14
16,15
17,16
18,17
20,19
21,20
22,21
23,22
24,23
25,24
26,25
27,26
29,28
30,29
31,30
32,31
33,32
34,33
35,34
36,35
38,37
39,38
40,39
41,40
42,41
43,42
44,43
45,44
47,46
48,47
49,48
50,49
51,50
52,51
53,52
54,53
56,55
57,56
58,57
59,58
60,59
61,60
62,61
63,62
65,64
66,65
67,66
68,67
69,68
70,69
71,70
72,71
74,73
75,74
76,75
77,76
78,77
79,78
80,79
81,80
83,82
84,83
85,84
86,85
87,86
88,87
89,88
90,89
92,91
93,92
94,93
95,94
96,95
97,96
98,97
99,98
101,100
102,101
103,102
104,103
105,104
106,105
107,106
108,107
110,109
111,110
112,111
113,112
114,113
115,114
116,115
117,116
119,118
120,119
121,120
122,121
123,122
124,123
125,124
126,125
128,127
129,128
130,129
131,130
132,131
133,132
134,133
135,134
137,136
138,137
139,138
140,139
141,140
142,141
143,142
144,143
146,145
147,146
148,147
149,148
150,149
151,150
152,151
153,152
155,154
156,155
157,156
158,157
159,158
160,159
161,160
162,161
164,163
165,164
166,165
167,166
168,167
169,168
170,169
171,170
173,172
174,173
175,174
176,175
177,176
178,177
179,178
180,179
182,181
183,182
184,183
185,184
186,185
187,186
188,187
189,188
191,190
192,191
193,192
194,193
195,194
196,195
197,196
198,197
200,199
201,200
202,201
203,202
204,203
205,204
206,205
207,206
209,208
210,209
211,210
212,211
213,212
214,213
215,214
216,215
218,217
219,218
220,219
221,220
222,221
223,222
224,223
225,224
227,226
228,227
229,228
230,229
231,230
232,231
233,232
234,233
236,235
237,236
238,237
239,238
240,239
241,240
242,241
243,242
245,244
246,245
247,246
248,247
249,248
250,249
251,250
252,251
254,253
255,254
256,255
257,256
258,257
259,258
260,259
261,260
263,262
264,263
265,264
266,265
267,266
268,267
269,268
270,269
272,271
273,272
274,273
275,274
276,275
277,276
278,277
279,278
281,280
282,281
283,282
284,283
285,284
286,285
287,286
288,287
290,289
291,290
292,291
293,292
294,293
295,294
296,295
297,296
299,298
300,299
301,300
302,301
303,302
304,303
305,304
306,305
308,307
309,308
310,309
311,310
312,311
313,312
314,313
315,314
317,316
318,317
319,318
320,319
321,320
322,321
323,322
324,323
326,325
327,326
328,327
329,328
330,329
331,330
332,331
333,332
335,334
336,335
337,336
338,337
339,338
340,339
341,340
342,341
344,343
345,344
346,345
347,346
348,347
349,348
350,349
351,350
353,352
354,353
355,354
356,355
357,356
358,357
359,358
360,359
362,361
363,362
364,363
365,364
366,365
367,366
368,367
369,368
371,370
372,371
373,372
374,373
375,374
376,375
377,376
378,377
380,379
381,380
382,381
383,382
384,383
385,384
386,385
387,386
389,388
390,389
391,390
392,391
393,392
394,393
395,394
396,395
398,397
399,398
400,399
401,400
402,401
403,402
404,403
405,404
407,406
408,407
409,408
410,409
411,410
412,411
413,412
414,413
416,415
417,416
418,417
419,418
420,419
421,420
422,421
423,422
425,424
426,425
427,426
428,427
429,428
430,429
431,430
432,431
434,433
435,434
436,435
437,436
438,437
439,438
440,439
441,440
443,442
444,443
445,444
446,445
447,446
448,447
449,448
450,449
452,451
453,452
454,453
455,454
456,455
457,456
458,457
459,458
461,460
462,461
463,462
464,463
465,464
466,465
467,466
468,467
470,469
471,470
472,471
473,472
474,473
475,474
476,475
477,476
479,478
480,479
481,480
482,481
483,482
484,483
485,484
486,485
488,487
489,488
490,489
491,490
492,491
493,492
494,493
495,494
497,496
498,497
499,498
500,499
501,500
502,501
503,502
504,503
506,505
507,506
508,507
509,508
510,509
511,510
512,511
513,512
515,514
516,515
517,516
518,517
519,518
520,519
521,520
522,521
524,523
525,524
526,525
527,526
528,527
529,528
530,529
531,530
533,532
534,533
535,534
536,535
537,536
538,537
539,538
540,539
542,541
543,542
544,543
545,544
546,545
547,546
548,547
549,548
551,550
552,551
553,552
554,553
555,554
556,555
557,556
558,557
560,559
561,560
562,561
563,562
564,563
565,564
566,565
567,566
569,568
570,569
571,570
572,571
573,572
574,573
575,574
576,575
578,577
579,578
580,579
581,580
582,581
583,582
584,583
585,584
587,586
588,587
589,588
590,589
591,590
592,591
593,592
594,593
2,10
3,11
4,12
5,13
6,14
7,15
8,16
9,17
11,19
12,20
13,21
14,22
15,23
16,24
17,25
18,26
20,28
21,29
22,30
23,31
24,32
25,33
26,34
27,35
29,37
30,38
31,39
32,40
33,41
34,42
35,43
36,44
38,46
39,47
40,48
41,49
42,50
43,51
44,52
45,53
47,55
48,56
49,57
50,58
51,59
52,60
53,61
54,62
56,64
57,65
58,66
59,67
60,68
61,69
62,70
63,71
65,73
66,74
67,75
68,76
69,77
70,78
71,79
72,80
74,82
75,83
76,84
77,85
78,86
79,87
80,88
81,89
83,91
84,92
85,93
86,94
87,95
88,96
89,97
90,98
92,100
93,101
94,102
95,103
96,104
97,105
98,106
99,107
101,109
102,110
103,111
104,112
105,113
106,114
107,115
108,116
110,118
111,119
112,120
113,121
114,122
115,123
116,124
117,125
119,127
120,128
121,129
122,130
123,131
124,132
125,133
126,134
128,136
129,137
130,138
131,139
132,140
133,141
134,142
135,143
137,145
138,146
139,147
140,148
141,149
142,150
143,151
144,152
146,154
147,155
148,156
149,157
150,158
151,159
152,160
153,161
155,163
156,164
157,165
158,166
159,167
160,168
161,169
162,170
164,172
165,173
166,174
167,175
168,176
169,177
170,178
171,179
173,181
174,182
175,183
176,184
177,185
178,186
179,187
180,188
182,190
183,191
184,192
185,193
186,194
187,195
188,196
189,197
191,199
192,200
193,201
194,202
195,203
196,204
197,205
198,206
200,208
201,209
202,210
203,211
204,212
205,213
206,214
207,215
209,217
210,218
211,219
212,220
213,221
214,222
215,223
216,224
218,226
219,227
220,228
221,229
222,230
223,231
224,232
225,233
227,235
228,236
229,237
230,238
231,239
232,240
233,241
234,242
236,244
237,245
238,246
239,247
240,248
241,249
242,250
243,251
245,253
246,254
247,255
248,256
249,257
250,258
251,259
252,260
254,262
255,263
256,264
257,265
258,266
259,267
260,268
261,269
263,271
264,272
265,273
266,274
267,275
268,276
269,277
270,278
272,280
273,281
274,282
275,283
276,284
277,285
278,286
279,287
281,289
282,290
283,291
284,292
285,293
286,294
287,295
288,296
290,298
291,299
292,300
293,301
294,302
295,303
296,304
297,305
299,307
300,308
301,309
302,310
303,311
304,312
305,313
306,314
308,316
309,317
310,318
311,319
312,320
313,321
314,322
315,323
317,325
318,326
319,327
320,328
321,329
322,330
323,331
324,332
326,334
327,335
328,336
329,337
330,338
331,339
332,340
333,341
335,343
336,344
337,345
338,346
339,347
340,348
341,349
342,350
344,352
345,353
346,354
347,355
348,356
349,357
350,358
351,359
353,361
354,362
355,363
356,364
357,365
358,366
359,367
360,368
362,370
363,371
364,372
365,373
366,374
367,375
368,376
369,377
371,379
372,380
373,381
374,382
375,383
376,384
377,385
378,386
380,388
381,389
382,390
383,391
384,392
385,393
386,394
387,395
389,397
390,398
391,399
392,400
393,401
394,402
395,403
396,404
398,406
399,407
400,408
401,409
402,410
403,411
404,412
405,413
407,415
408,416
409,417
410,418
411,419
412,420
413,421
414,422
416,424
417,425
418,426
419,427
420,428
421,429
422,430
423,431
425,433
426,434
427,435
428,436
429,437
430,438
431,439
432,440
434,442
435,443
436,444
437,445
438,446
439,447
440,448
441,449
443,451
444,452
445,453
446,454
447,455
448,456
449,457
450,458
452,460
453,461
454,462
455,463
456,464
457,465
458,466
459,467
461,469
462,470
463,471
464,472
465,473
466,474
467,475
468,476
470,478
471,479
472,480
473,481
474,482
475,483
476,484
477,485
479,487
480,488
481,489
482,490
483,491
484,492
485,493
486,494
488,496
489,497
490,498
491,499
492,500
493,501
494,502
495,503
497,505
498,506
499,507
500,508
501,509
502,510
503,511
504,512
506,514
507,515
508,516
509,517
510,518
511,519
512,520
513,521
515,523
516,524
517,525
518,526
519,527
520,528
521,529
522,530
524,532
525,533
526,534
527,535
528,536
529,537
530,538
531,539
533,541
534,542
535,543
536,544
537,545
538,546
539,547
540,548
542,550
543,551
544,552
545,553
546,554
547,555
548,556
549,557
551,559
552,560
553,561
554,562
555,563
556,564
557,565
558,566
560,568
561,569
562,570
563,571
564,572
565,573
566,574
567,575
569,577
570,578
571,579
572,580
573,581
574,582
575,583
576,584
578,586
579,587
580,588
581,589
582,590
583,591
584,592
585,593
10,2
11,3
12,4
13,5
14,6
15,7
16,8
17,9
19,11
20,12
21,13
22,14
23,15
24,16
25,17
26,18
28,20
29,21
30,22
31,23
32,24
33,25
34,26
35,27
37,29
38,30
39,31
40,32
41,33
42,34
43,35
44,36
46,38
47,39
48,40
49,41
50,42
51,43
52,44
53,45
55,47
56,48
57,49
58,50
59,51
60,52
61,53
62,54
64,56
65,57
66,58
67,59
68,60
69,61
70,62
71,63
73,65
74,66
75,67
76,68
77,69
78,70
79,71
80,72
82,74
83,75
84,76
85,77
86,78
87,79
88,80
89,81
91,83
92,84
93,85
94,86
95,87
96,88
97,89
98,90
100,92
101,93
102,94
103,95
104,96
105,97
106,98
107,99
109,101
110,102
111,103
112,104
113,105
114,106
115,107
116,108
118,110
119,111
120,112
121,113
122,114
123,115
124,116
125,117
127,119
128,120
129,121
130,122
131,123
132,124
133,125
134,126
136,128
137,129
138,130
139,131
140,132
141,133
142,134
143,135
145,137
146,138
147,139
148,140
149,141
150,142
151,143
152,144
154,146
155,147
156,148
157,149
158,150
159,151
160,152
161,153
163,155
164,156
165,157
166,158
167,159
168,160
169,161
170,162
172,164
173,165
174,166
175,167
176,168
177,169
178,170
179,171
181,173
182,174
183,175
184,176
185,177
186,178
187,179
188,180
190,182
191,183
192,184
193,185
194,186
195,187
196,188
197,189
199,191
200,192
201,193
202,194
203,195
204,196
205,197
206,198
208,200
209,201
210,202
211,203
212,204
213,205
214,206
215,207
217,209
218,210
219,211
220,212
221,213
222,214
223,215
224,216
226,218
227,219
228,220
229,221
230,222
231,223
232,224
233,225
235,227
236,228
237,229
238,230
239,231
240,232
241,233
242,234
244,236
245,237
246,238
247,239
248,240
249,241
250,242
251,243
253,245
254,246
255,247
256,248
257,249
258,250
259,251
260,252
262,254
263,255
264,256
265,257
266,258
267,259
268,260
269,261
271,263
272,264
273,265
274,266
275,267
276,268
277,269
278,270
280,272
281,273
282,274
283,275
284,276
285,277
286,278
287,279
289,281
290,282
291,283
292,284
293,285
294,286
295,287
296,288
298,290
299,291
300,292
301,293
302,294
303,295
304,296
305,297
307,299
308,300
309,301
310,302
311,303
312,304
313,305
314,306
316,308
317,309
318,310
319,311
320,312
321,313
322,314
323,315
325,317
326,318
327,319
328,320
329,321
330,322
331,323
332,324
334,326
335,327
336,328
337,329
338,330
339,331
340,332
341,333
343,335
344,336
345,337
346,338
347,339
348,340
349,341
350,342
352,344
353,345
354,346
355,347
356,348
357,349
358,350
359,351
361,353
362,354
363,355
364,356
365,357
366,358
367,359
368,360
370,362
371,363
372,364
373,365
374,366
375,367
376,368
377,369
379,371
380,372
381,373
382,374
383,375
384,376
385,377
386,378
388,380
389,381
390,382
391,383
392,384
393,385
394,386
395,387
397,389
398,390
399,391
400,392
401,393
402,394
403,395
404,396
406,398
407,399
408,400
409,401
410,402
411,403
412,404
413,405
415,407
416,408
417,409
418,410
419,411
420,412
421,413
422,414
424,416
425,417
426,418
427,419
428,420
429,421
430,422
431,423
433,425
434,426
435,427
436,428
437,429
438,430
439,431
440,432
442,434
443,435
444,436
445,437
446,438
447,439
448,440
449,441
451,443
452,444
453,445
454,446
455,447
456,448
457,449
458,450
460,452
461,453
462,454
463,455
464,456
465,457
466,458
467,459
469,461
470,462
471,463
472,464
473,465
474,466
475,467
476,468
478,470
479,471
480,472
481,473
482,474
483,475
484,476
485,477
487,479
488,480
489,481
490,482
491,483
492,484
493,485
494,486
496,488
497,489
498,490
499,491
500,492
501,493
502,494
503,495
505,497
506,498
507,499
508,500
509,501
510,502
511,503
512,504
514,506
515,507
516,508
517,509
518,510
519,511
520,512
521,513
523,515
524,516
525,517
526,518
527,519
528,520
529,521
530,522
532,524
533,525
534,526
535,527
536,528
537,529
538,530
539,531
541,533
542,534
543,535
544,536
545,537
546,538
547,539
548,540
550,542
551,543
552,544
553,545
554,546
555,547
556,548
557,549
559,551
560,552
561,553
562,554
563,555
564,556
565,557
566,558
568,560
569,561
570,562
571,563
572,564
573,565
574,566
575,567
577,569
578,570
579,571
580,572
581,573
582,574
583,575
584,576
586,578
587,579
588,580
589,581
590,582
591,583
592,584
593,585
1,2
2,3
3,4
4,5
5,6
6,7
7,8
8,9
10,11
11,12
12,13
13,14
14,15
15,16
16,17
17,18
19,20
20,21
21,22
22,23
23,24
24,25
25,26
26,27
28,29
29,30
30,31
31,32
32,33
33,34
34,35
35,36
37,38
38,39
39,40
40,41
41,42
42,43
43,44
44,45
46,47
47,48
48,49
49,50
50,51
51,52
52,53
53,54
55,56
56,57
57,58
58,59
59,60
60,61
61,62
62,63
64,65
65,66
66,67
67,68
68,69
69,70
70,71
71,72
73,74
74,75
75,76
76,77
77,78
78,79
79,80
80,81
82,83
83,84
84,85
85,86
86,87
87,88
88,89
89,90
91,92
92,93
93,94
94,95
95,96
96,97
97,98
98,99
100,101
101,102
102,103
103,104
104,105
105,106
106,107
107,108
109,110
110,111
111,112
112,113
113,114
114,115
115,116
116,117
118,119
119,120
120,121
121,122
122,123
123,124
124,125
125,126
127,128
128,129
129,130
130,131
131,132
132,133
133,134
134,135
136,137
137,138
138,139
139,140
140,141
141,142
142,143
143,144
145,146
146,147
147,148
148,149
149,150
150,151
151,152
152,153
154,155
155,156
156,157
157,158
158,159
159,160
160,161
161,162
163,164
164,165
165,166
166,167
167,168
168,169
169,170
170,171
172,173
173,174
174,175
175,176
176,177
177,178
178,179
179,180
181,182
182,183
183,184
184,185
185,186
186,187
187,188
188,189
190,191
191,192
192,193
193,194
194,195
195,196
196,197
197,198
199,200
200,201
201,202
202,203
203,204
204,205
205,206
206,207
208,209
209,210
210,211
211,212
212,213
213,214
214,215
215,216
217,218
218,219
219,220
220,221
221,222
222,223
223,224
224,225
226,227
227,228
228,229
229,230
230,231
231,232
232,233
233,234
235,236
236,237
237,238
238,239
239,240
240,241
241,242
242,243
244,245
245,246
246,247
247,248
248,249
249,250
250,251
251,252
253,254
254,255
255,256
256,257
257,258
258,259
259,260
260,261
262,263
263,264
264,265
265,266
266,267
267,268
268,269
269,270
271,272
272,273
273,274
274,275
275,276
276,277
277,278
278,279
280,281
281,282
282,283
283,284
284,285
285,286
286,287
287,288
289,290
290,291
291,292
292,293
293,294
294,295
295,296
296,297
298,299
299,300
300,301
301,302
302,303
303,304
304,305
305,306
307,308
308,309
309,310
310,311
311,312
312,313
313,314
314,315
316,317
317,318
318,319
319,320
320,321
321,322
322,323
323,324
325,326
326,327
327,328
328,329
329,330
330,331
331,332
332,333
334,335
335,336
336,337
337,338
338,339
339,340
340,341
341,342
343,344
344,345
345,346
346,347
347,348
348,349
349,350
350,351
352,353
353,354
354,355
355,356
356,357
357,358
358,359
359,360
361,362
362,363
363,364
364,365
365,366
366,367
367,368
368,369
370,371
371,372
372,373
373,374
374,375
375,376
376,377
377,378
379,380
380,381
381,382
382,383
383,384
384,385
385,386
386,387
388,389
389,390
390,391
391,392
392,393
393,394
394,395
395,396
397,398
398,399
399,400
400,401
401,402
402,403
403,404
404,405
406,407
407,408
408,409
409,410
410,411
411,412
412,413
413,414
415,416
416,417
417,418
418,419
419,420
420,421
421,422
422,423
424,425
425,426
426,427
427,428
428,429
429,430
430,431
431,432
433,434
434,435
435,436
436,437
437,438
438,439
439,440
440,441
442,443
443,444
444,445
445,446
446,447
447,448
448,449
449,450
451,452
452,453
453,454
454,455
455,456
456,457
457,458
458,459
460,461
461,462
462,463
463,464
464,465
465,466
466,467
467,468
469,470
470,471
471,472
472,473
473,474
474,475
475,476
476,477
478,479
479,480
480,481
481,482
482,483
483,484
484,485
485,486
487,488
488,489
489,490
490,491
491,492
492,493
493,494
494,495
496,497
497,498
498,499
499,500
500,501
501,502
502,503
503,504
505,506
506,507
507,508
508,509
509,510
510,511
511,512
512,513
514,515
515,516
516,517
517,518
518,519
519,520
520,521
521,522
523,524
524,525
525,526
526,527
527,528
528,529
529,530
530,531
532,533
533,534
534,535
535,536
536,537
537,538
538,539
539,540
541,542
542,543
543,544
544,545
545,546
546,547
547,548
548,549
550,551
551,552
552,553
553,554
554,555
555,556
556,557
557,558
559,560
560,561
561,562
562,563
563,564
564,565
565,566
566,567
568,569
569,570
570,571
571,572
572,573
573,574
574,575
575,576
577,578
578,579
579,580
580,581
581,582
582,583
583,584
584,585
586,587
587,588
588,589
589,590
590,591
591,592
592,593
593,594
1,11
2,12
3,13
4,14
5,15
6,16
7,17
8,18
10,20
11,21
12,22
13,23
14,24
15,25
16,26
17,27
19,29
20,30
21,31
22,32
23,33
24,34
25,35
26,36
28,38
29,39
30,40
31,41
32,42
33,43
34,44
35,45
37,47
38,48
39,49
40,50
41,51
42,52
43,53
44,54
46,56
47,57
48,58
49,59
50,60
51,61
52,62
53,63
55,65
56,66
57,67
58,68
59,69
60,70
61,71
62,72
64,74
65,75
66,76
67,77
68,78
69,79
70,80
71,81
73,83
74,84
75,85
76,86
77,87
78,88
79,89
80,90
82,92
83,93
84,94
85,95
86,96
87,97
88,98
89,99
91,101
92,102
93,103
94,104
95,105
96,106
97,107
98,108
100,110
101,111
102,112
103,113
104,114
105,115
106,116
107,117
109,119
110,120
111,121
112,122
113,123
114,124
115,125
116,126
118,128
119,129
120,130
121,131
122,132
123,133
124,134
125,135
127,137
128,138
129,139
130,140
131,141
132,142
133,143
134,144
136,146
137,147
138,148
139,149
140,150
141,151
142,152
143,153
145,155
146,156
147,157
148,158
149,159
150,160
151,161
152,162
154,164
155,165
156,166
157,167
158,168
159,169
160,170
161,171
163,173
164,174
165,175
166,176
167,177
168,178
169,179
170,180
172,182
173,183
174,184
175,185
176,186
177,187
178,188
179,189
181,191
182,192
183,193
184,194
185,195
186,196
187,197
188,198
190,200
191,201
192,202
193,203
194,204
195,205
196,206
197,207
199,209
200,210
201,211
202,212
203,213
204,214
205,215
206,216
208,218
209,219
210,220
211,221
212,222
213,223
214,224
215,225
217,227
218,228
219,229
220,230
221,231
222,232
223,233
224,234
226,236
227,237
228,238
229,239
230,240
231,241
232,242
233,243
235,245
236,246
237,247
238,248
239,249
240,250
241,251
242,252
244,254
245,255
246,256
247,257
248,258
249,259
250,260
251,261
253,263
254,264
255,265
256,266
257,267
258,268
259,269
260,270
262,272
263,273
264,274
265,275
266,276
267,277
268,278
269,279
271,281
272,282
273,283
274,284
275,285
276,286
277,287
278,288
280,290
281,291
282,292
283,293
284,294
285,295
286,296
287,297
289,299
290,300
291,301
292,302
293,303
294,304
295,305
296,306
298,308
299,309
300,310
301,311
302,312
303,313
304,314
305,315
307,317
308,318
309,319
310,320
311,321
312,322
313,323
314,324
316,326
317,327
318,328
319,329
320,330
321,331
322,332
323,333
325,335
326,336
327,337
328,338
329,339
330,340
331,341
332,342
334,344
335,345
336,346
337,347
338,348
339,349
340,350
341,351
343,353
344,354
345,355
346,356
347,357
348,358
349,359
350,360
352,362
353,363
354,364
355,365
356,366
357,367
358,368
359,369
361,371
362,372
363,373
364,374
365,375
366,376
367,377
368,378
370,380
371,381
372,382
373,383
374,384
375,385
376,386
377,387
379,389
380,390
381,391
382,392
383,393
384,394
385,395
386,396
388,398
389,399
390,400
391,401
392,402
393,403
394,404
395,405
397,407
398,408
399,409
400,410
401,411
402,412
403,413
404,414
406,416
407,417
408,418
409,419
410,420
411,421
412,422
413,423
415,425
416,426
417,427
418,428
419,429
420,430
421,431
422,432
424,434
425,435
426,436
427,437
428,438
429,439
430,440
431,441
433,443
434,444
435,445
436,446
437,447
438,448
439,449
440,450
442,452
443,453
444,454
445,455
446,456
447,457
448,458
449,459
451,461
452,462
453,463
454,464
455,465
456,466
457,467
458,468
460,470
461,471
462,472
463,473
464,474
465,475
466,476
467,477
469,479
470,480
471,481
472,482
473,483
474,484
475,485
476,486
478,488
479,489
480,490
481,491
482,492
483,493
484,494
485,495
487,497
488,498
489,499
490,500
491,501
492,502
493,503
494,504
496,506
497,507
498,508
499,509
500,510
501,511
502,512
503,513
505,515
506,516
507,517
508,518
509,519
510,520
511,521
512,522
514,524
515,525
516,526
517,527
518,528
519,529
520,530
521,531
523,533
524,534
525,535
526,536
527,537
528,538
529,539
530,540
532,542
533,543
534,544
535,545
536,546
537,547
538,548
539,549
541,551
542,552
543,553
544,554
545,555
546,556
547,557
548,558
550,560
551,561
552,562
553,563
554,564
555,565
556,566
557,567
559,569
560,570
561,571
562,572
563,573
564,574
565,575
566,576
568,578
569,579
570,580
571,581
572,582
573,583
574,584
575,585
577,587
578,588
579,589
580,590
581,591
582,592
583,593
584,594
10,1
11,2
12,3
13,4
14,5
15,6
16,7
17,8
18,9
19,10
20,11
21,12
22,13
23,14
24,15
25,16
26,17
27,18
28,19
29,20
30,21
31,22
32,23
33,24
34,25
35,26
36,27
37,28
38,29
39,30
40,31
41,32
42,33
43,34
44,35
45,36
46,37
47,38
48,39
49,40
50,41
51,42
52,43
53,44
54,45
55,46
56,47
57,48
58,49
59,50
60,51
61,52
62,53
63,54
64,55
65,56
66,57
67,58
68,59
69,60
70,61
71,62
72,63
73,64
74,65
75,66
76,67
77,68
78,69
79,70
80,71
81,72
82,73
83,74
84,75
85,76
86,77
87,78
88,79
89,80
90,81
91,82
92,83
93,84
94,85
95,86
96,87
97,88
98,89
99,90
100,91
101,92
102,93
103,94
104,95
105,96
106,97
107,98
108,99
109,100
110,101
111,102
112,103
113,104
114,105
115,106
116,107
117,108
118,109
119,110
120,111
121,112
122,113
123,114
124,115
125,116
126,117
127,118
128,119
129,120
130,121
131,122
132,123
133,124
134,125
135,126
136,127
137,128
138,129
139,130
140,131
141,132
142,133
143,134
144,135
145,136
146,137
147,138
148,139
149,140
150,141
151,142
152,143
153,144
154,145
155,146
156,147
157,148
158,149
159,150
160,151
161,152
162,153
163,154
164,155
165,156
166,157
167,158
168,159
169,160
170,161
171,162
172,163
173,164
174,165
175,166
176,167
177,168
178,169
179,170
180,171
181,172
182,173
183,174
184,175
185,176
186,177
187,178
188,179
189,180
190,181
191,182
192,183
193,184
194,185
195,186
196,187
197,188
198,189
199,190
200,191
201,192
202,193
203,194
204,195
205,196
206,197
207,198
208,199
209,200
210,201
211,202
212,203
213,204
214,205
215,206
216,207
217,208
218,209
219,210
220,211
221,212
222,213
223,214
224,215
225,216
226,217
227,218
228,219
229,220
230,221
231,222
232,223
233,224
234,225
235,226
236,227
237,228
238,229
239,230
240,231
241,232
242,233
243,234
244,235
245,236
246,237
247,238
248,239
249,240
250,241
251,242
252,243
253,244
254,245
255,246
256,247
257,248
258,249
259,250
260,251
261,252
262,253
263,254
264,255
265,256
266,257
267,258
268,259
269,260
270,261
271,262
272,263
273,264
274,265
275,266
276,267
277,268
278,269
279,270
280,271
281,272
282,273
283,274
284,275
285,276
286,277
287,278
288,279
289,280
290,281
291,282
292,283
293,284
294,285
295,286
296,287
297,288
298,289
299,290
300,291
301,292
302,293
303,294
304,295
305,296
306,297
307,298
308,299
309,300
310,301
311,302
312,303
313,304
314,305
315,306
316,307
317,308
318,309
319,310
320,311
321,312
322,313
323,314
324,315
325,316
326,317
327,318
328,319
329,320
330,321
331,322
332,323
333,324
334,325
335,326
336,327
337,328
338,329
339,330
340,331
341,332
342,333
343,334
344,335
345,336
346,337
347,338
348,339
349,340
350,341
351,342
352,343
353,344
354,345
355,346
356,347
357,348
358,349
359,350
360,351
361,352
362,353
363,354
364,355
365,356
366,357
367,358
368,359
369,360
370,361
371,362
372,363
373,364
374,365
375,366
376,367
377,368
378,369
379,370
380,371
381,372
382,373
383,374
384,375
385,376
386,377
387,378
388,379
389,380
390,381
391,382
392,383
393,384
394,385
395,386
396,387
397,388
398,389
399,390
400,391
401,392
402,393
403,394
404,395
405,396
406,397
407,398
408,399
409,400
410,401
411,402
412,403
413,404
414,405
415,406
416,407
417,408
418,409
419,410
420,411
421,412
422,413
423,414
424,415
425,416
426,417
427,418
428,419
429,420
430,421
431,422
432,423
433,424
434,425
435,426
436,427
437,428
438,429
439,430
440,431
441,432
442,433
443,434
444,435
445,436
446,437
447,438
448,439
449,440
450,441
451,442
452,443
453,444
454,445
455,446
456,447
457,448
458,449
459,450
460,451
461,452
462,453
463,454
464,455
465,456
466,457
467,458
468,459
469,460
470,461
471,462
472,463
473,464
474,465
475,466
476,467
477,468
478,469
479,470
480,471
481,472
482,473
483,474
484,475
485,476
486,477
487,478
488,479
489,480
490,481
491,482
492,483
493,484
494,485
495,486
496,487
497,488
498,489
499,490
500,491
501,492
502,493
503,494
504,495
505,496
506,497
507,498
508,499
509,500
510,501
511,502
512,503
513,504
514,505
515,506
516,507
517,508
518,509
519,510
520,511
521,512
522,513
523,514
524,515
525,516
526,517
527,518
528,519
529,520
530,521
531,522
532,523
533,524
534,525
535,526
536,527
537,528
538,529
539,530
540,531
541,532
542,533
543,534
544,535
545,536
546,537
547,538
548,539
549,540
550,541
551,542
552,543
553,544
554,545
555,546
556,547
557,548
558,549
559,550
560,551
561,552
562,553
563,554
564,555
565,556
566,557
567,558
568,559
569,560
570,561
571,562
572,563
573,564
574,565
575,566
576,567
577,568
578,569
579,570
580,571
581,572
582,573
583,574
584,575
585,576
586,577
587,578
588,579
589,580
590,581
591,582
592,583
593,584
594,585
1,10
2,11
3,12
4,13
5,14
6,15
7,16
8,17
9,18
10,19
11,20
12,21
13,22
14,23
15,24
16,25
17,26
18,27
19,28
20,29
21,30
22,31
23,32
24,33
25,34
26,35
27,36
28,37
29,38
30,39
31,40
32,41
33,42
34,43
35,44
36,45
37,46
38,47
39,48
40,49
41,50
42,51
43,52
44,53
45,54
46,55
47,56
48,57
49,58
50,59
51,60
52,61
53,62
54,63
55,64
56,65
57,66
58,67
59,68
60,69
61,70
62,71
63,72
64,73
65,74
66,75
67,76
68,77
69,78
70,79
71,80
72,81
73,82
74,83
75,84
76,85
77,86
78,87
79,88
80,89
81,90
82,91
83,92
84,93
85,94
86,95
87,96
88,97
89,98
90,99
91,100
92,101
93,102
94,103
95,104
96,105
97,106
98,107
99,108
100,109
101,110
102,111
103,112
104,113
105,114
106,115
107,116
108,117
109,118
110,119
111,120
112,121
113,122
114,123
115,124
116,125
117,126
118,127
119,128
120,129
121,130
122,131
123,132
124,133
125,134
126,135
127,136
128,137
129,138
130,139
131,140
132,141
133,142
134,143
135,144
136,145
137,146
138,147
139,148
140,149
141,150
142,151
143,152
144,153
145,154
146,155
147,156
148,157
149,158
150,159
151,160
152,161
153,162
154,163
155,164
156,165
157,166
158,167
159,168
160,169
161,170
162,171
163,172
164,173
165,174
166,175
167,176
168,177
169,178
170,179
171,180
172,181
173,182
174,183
175,184
176,185
177,186
178,187
179,188
180,189
181,190
182,191
183,192
184,193
185,194
186,195
187,196
188,197
189,198
190,199
191,200
192,201
193,202
194,203
195,204
196,205
197,206
198,207
199,208
200,209
201,210
202,211
203,212
204,213
205,214
206,215
207,216
208,217
209,218
210,219
211,220
212,221
213,222
214,223
215,224
216,225
217,226
218,227
219,228
220,229
221,230
222,231
223,232
224,233
225,234
226,235
227,236
228,237
229,238
230,239
231,240
232,241
233,242
234,243
235,244
236,245
237,246
238,247
239,248
240,249
241,250
242,251
243,252
244,253
245,254
246,255
247,256
248,257
249,258
250,259
251,260
252,261
253,262
254,263
255,264
256,265
257,266
258,267
259,268
260,269
261,270
262,271
263,272
264,273
265,274
266,275
267,276
268,277
269,278
270,279
271,280
272,281
273,282
274,283
275,284
276,285
277,286
278,287
279,288
280,289
281,290
282,291
283,292
284,293
285,294
286,295
287,296
288,297
289,298
290,299
291,300
292,301
293,302
294,303
295,304
296,305
297,306
298,307
299,308
300,309
301,310
302,311
303,312
304,313
305,314
306,315
307,316
308,317
309,318
310,319
311,320
312,321
313,322
314,323
315,324
316,325
317,326
318,327
319,328
320,329
321,330
322,331
323,332
324,333
325,334
326,335
327,336
328,337
329,338
330,339
331,340
332,341
333,342
334,343
335,344
336,345
337,346
338,347
339,348
340,349
341,350
342,351
343,352
344,353
345,354
346,355
347,356
348,357
349,358
350,359
351,360
352,361
353,362
354,363
355,364
356,365
357,366
358,367
359,368
360,369
361,370
362,371
363,372
364,373
365,374
366,375
367,376
368,377
369,378
370,379
371,380
372,381
373,382
374,383
375,384
376,385
377,386
378,387
379,388
380,389
381,390
382,391
383,392
384,393
385,394
386,395
387,396
388,397
389,398
390,399
391,400
392,401
393,402
394,403
395,404
396,405
397,406
398,407
399,408
400,409
401,410
402,411
403,412
404,413
405,414
406,415
407,416
408,417
409,418
410,419
411,420
412,421
413,422
414,423
415,424
416,425
417,426
418,427
419,428
420,429
421,430
422,431
423,432
424,433
425,434
426,435
427,436
428,437
429,438
430,439
431,440
432,441
433,442
434,443
435,444
436,445
437,446
438,447
439,448
440,449
441,450
442,451
443,452
444,453
445,454
446,455
447,456
448,457
449,458
450,459
451,460
452,461
453,462
454,463
455,464
456,465
457,466
458,467
459,468
460,469
461,470
462,471
463,472
464,473
465,474
466,475
467,476
468,477
469,478
470,479
471,480
472,481
473,482
474,483
475,484
476,485
477,486
478,487
479,488
480,489
481,490
482,491
483,492
484,493
485,494
486,495
487,496
488,497
489,498
490,499
491,500
492,501
493,502
494,503
495,504
496,505
497,506
498,507
499,508
500,509
501,510
502,511
503,512
504,513
505,514
506,515
507,516
508,517
509,518
510,519
511,520
512,521
513,522
514,523
515,524
516,525
517,526
518,527
519,528
520,529
521,530
522,531
523,532
524,533
525,534
526,535
527,536
528,537
529,538
530,539
531,540
532,541
533,542
534,543
535,544
536,545
537,546
538,547
539,548
540,549
541,550
542,551
543,552
544,553
545,554
546,555
547,556
548,557
549,558
550,559
551,560
552,561
553,562
554,563
555,564
556,565
557,566
558,567
559,568
560,569
561,570
562,571
563,572
564,573
565,574
566,575
567,576
568,577
569,578
570,579
571,580
572,581
573,582
574,583
575,584
576,585
577,586
578,587
579,588
580,589
581,590
582,591
583,592
584,593
585,594
