"lon","lat","X01_01_2099"
-72.8392623684036,41.4646714936999,272.600006103516
-71.5676220487483,41.0539112004444,264.100006103516
-70.3699540725556,41.0419401816734,264.100006103516
-70.692111500275,41.6078486497511,273.399993896484
-69.9492284336899,41.6342332583293,275
-71.0424132010272,40.9872417354695,264.100006103516
-71.180878630788,41.4867144723977,274.100006103516
-70.7432980580843,41.0978777016862,264.100006103516
-73.1000238666268,41.6506253101904,271.600006103516
-72.3552669826945,41.3768934334636,272.300018310547
-71.0523364743143,41.4193676012156,273.899993896484
-70.9695582261567,41.4358600198957,274
-73.4619176596848,41.2499489771331,273.899993896484
-70.4432279239622,41.4282161495755,273.700012207031
-71.6020591483824,41.0582593530006,264.100006103516
-69.9815799669361,41.6236942918495,274.600006103516
-72.4245980964064,40.9320112056505,274.300018310547
-73.3787568705283,41.4457602914324,273.300018310547
-70.5842899866926,40.9368912318003,264.100006103516
-70.4737732693378,41.1555100916045,264.100006103516
-72.9640914366418,41.2552289964983,274.100006103516
-71.2224435701179,41.4574339096997,274.200012207031
-70.0152117558385,40.9268512146919,264.100006103516
-70.0952928916808,41.4656219490877,264.100006103516
-71.6088022745582,41.1335537774982,275.200012207031
-69.7193199214036,41.1595088192079,264.100006103516
-71.4656905705586,41.4083598670184,274
-70.8441437082579,41.8386072984789,272.800018310547
-69.8575949660516,41.3979760695644,264.100006103516
-72.7383444440862,41.1376128379679,274.399993896484
-70.70748622558,41.8209192167645,272.600006103516
-70.7067482119436,40.9556291724713,264.100006103516
-70.6385893376759,40.9641548909686,264.100006103516
-71.3890829097615,41.0859939502015,264.100006103516
-70.3534246585019,41.6377252484501,273.200012207031
-69.7117645757824,41.6438682090299,264.100006103516
-70.7550890136344,41.0846261510849,264.100006103516
-70.658331584928,41.3649479750358,273.399993896484
-70.737674502888,41.1367647605225,264.100006103516
-71.3066083868099,41.8224078198591,273.5
-73.0190715517154,41.4013905547681,272.899993896484
-72.7794259526528,41.5886395135477,273.100006103516
-71.1118398719516,41.0656641691368,264.100006103516
-72.6971758757071,41.1882727007988,274.300018310547
-69.8759597028819,40.9398856097609,264.100006103516
-69.9313700975786,40.8537063460428,NA
-70.9203677364966,41.6811914114415,273.200012207031
-73.2782565221247,41.4131121392099,273.800018310547
-70.9091826551967,41.1537745847723,264.100006103516
-70.1036839883792,40.9969698776268,264.100006103516
-70.7638360772068,41.7033702603674,273.100006103516
-72.2989313810725,41.3216563181299,272.899993896484
-72.1251571552497,41.618046756078,272.100006103516
-72.7473108610051,41.481946272086,272.800018310547
-72.3532090906619,41.0303063437691,274.600006103516
-73.1361965043205,41.548332721913,272.100006103516
-70.7574529122611,41.1288733173004,264.100006103516
-70.1354199707444,41.2809820491888,274.600006103516
-71.7549526728627,41.68053771588,271.399993896484
-72.2099958138303,41.4854608526447,271.5
-70.9871127542077,41.827088303796,272.899993896484
-70.5857931815595,41.5229954129337,273.800018310547
-71.1037822192001,41.5830529236707,273.600006103516
-69.6309233918328,41.3016330346838,264.100006103516
-71.2911183444657,41.7549379132204,273.5
-72.8420951385297,41.2668168380176,274.5
-69.9681617458091,41.5135960968648,274.399993896484
-70.7279211438799,41.1095919473846,264.100006103516
-71.5504507389835,41.9111722083849,272.5
-72.5202743109344,41.7628413483352,272.700012207031
-71.0608092009674,41.7364793427628,273.399993896484
-72.9105875097327,41.4933090208242,272.700012207031
-71.9584487882013,41.7411783219977,271.600006103516
-70.146557676631,41.6575134636522,273.899993896484
-70.4328160203123,41.701389850029,272.800018310547
-70.3478558412052,41.2455754130921,264.100006103516
-72.4694346811547,41.578957645663,272.399993896484
-70.88303038081,41.7720226299654,273.5
-69.9670462578208,40.9574140728981,264.100006103516
-72.9571532720152,41.3999776825791,272.899993896484
-72.9779049053673,41.7306826280469,271.300018310547
-70.4713765401105,41.4558090752629,273.800018310547
-72.7309401084378,41.2047137507884,274.399993896484
-70.5689752297163,41.6259922446476,272.600006103516
-71.4598532344603,41.0447495770503,264.100006103516
-69.6806412761851,41.1356112344488,264.100006103516
-73.0649060135001,41.1825610397648,274.5
-71.202015195394,41.1788472864859,264.100006103516
-73.3762332516123,41.1083258830196,273.899993896484
-73.3816058444832,41.3120359027606,273.899993896484
-73.28188384828,41.6553374456527,271.5
-72.3013391973835,41.3464173046428,272.700012207031
-71.9321024628734,41.6017543789704,272
-71.2094247161906,41.8077826328281,273.399993896484
-69.5784572142272,41.3873244095114,264.100006103516
-72.2619024867844,41.4627678071213,271.300018310547
-72.3527526309542,41.0886794571888,274.300018310547
-70.0505386247719,40.887159952796,NA
-72.9641941434239,41.102232566552,274.399993896484
-69.9614112966474,40.9887079721118,264.100006103516
-70.971473188454,41.2990583824644,264.100006103516
-73.1571121866261,41.0211055589052,274.399993896484
-72.3956765530984,41.4334260742638,271.5
-73.0611730700587,41.3307049443692,273.399993896484
-72.7459572560239,41.7109128782593,273.300018310547
-71.478385307447,41.1833269295398,275.100006103516
-73.2655010105216,41.4062058663663,273.800018310547
-70.3078459530406,41.3112166840014,274
-71.5306399971,41.8015034498431,273.200012207031
-73.126594925061,41.4562290749816,273.200012207031
-70.0341898671751,41.6929242694578,274.800018310547
-71.1887177433229,40.9875491837706,264.100006103516
-70.483483434193,41.6017790944797,273.200012207031
-70.4879759026025,41.6594629810005,272.800018310547
-69.9574953353967,41.0986524623562,264.100006103516
-69.8859655878527,41.2399472772192,264.100006103516
-72.942569595876,41.2275633374596,274.600006103516
-72.6130773502958,41.7623307768429,273.399993896484
-69.9855426754476,41.053582870085,264.100006103516
-72.7823914565977,40.8737488905833,NA
-73.359825525721,41.0869188033536,273.899993896484
-69.5552450450377,41.3798825636795,264.100006103516
-72.0642006434534,41.4266185455997,272.300018310547
-69.5137296719473,41.0398030299406,264.100006103516
-71.4725629872757,41.1133163226686,264.100006103516
-71.2266646236732,41.7549202931982,273.5
-72.6006539126507,41.6873777478855,273.300018310547
-72.3649860177946,41.742915416559,271.899993896484
-71.1410036585977,41.1103127668799,264.100006103516
-72.4258173981511,41.1365881829881,274
-73.0115511234713,41.9541483197112,271.200012207031
-73.0295270926933,41.8918338433249,271.100006103516
-71.0124924039497,41.1647556856175,264.100006103516
-69.6730319951965,41.1054733296201,264.100006103516
-71.3526554598998,41.3805541680427,274.200012207031
-73.179778851642,41.1920335466521,274.600006103516
-70.7137298684212,41.3336892963166,273.200012207031
-70.3113132477206,41.2575734257705,274.100006103516
-72.6101037776747,41.7193199195255,273.300018310547
-71.7899791336591,41.3275223712219,274.200012207031
-70.4658504419988,41.6301179710255,272.800018310547
-69.956244126975,41.2811622727747,274.600006103516
-72.771107861337,40.8552076839253,NA
-73.3723815651958,41.1153316820376,273.899993896484
-72.0272577810043,41.6101967865173,272.100006103516
-70.6806342712357,41.5959602364593,273.399993896484
-70.6663591277883,41.0736798305827,264.100006103516
-72.5244574653152,40.9356146663601,273.899993896484
-72.5086818592714,41.5453809503893,272.5
-72.484847739175,41.30595768494,272.700012207031
-69.482967542677,41.3403944950751,264.100006103516
-71.2587501333861,41.7291852769422,273.300018310547
-73.1836533220734,41.3747574658946,273.700012207031
-72.4060762559464,41.476623270647,271.200012207031
-71.071604104206,41.1485132212932,264.100006103516
-72.5499491217715,41.8123304856718,273.100006103516
-69.4830674054314,41.0711510116465,264.100006103516
-70.3150596434517,41.7620716569476,273.300018310547
-71.5897753407454,41.5821673252692,272.200012207031
-72.3690025643677,40.9861679013852,274.399993896484
-71.2648160707381,41.6258238749882,273.800018310547
-72.9990270157226,41.7494474324791,271.300018310547
-70.3049257955379,41.1166894724565,264.100006103516
-72.5898744810385,41.1185946085186,274.300018310547
-69.848682409353,41.2237583379365,264.100006103516
-72.958401252003,41.9667216960744,270.800018310547
-70.5605915417486,41.5333158299754,273.700012207031
-70.0722738369844,41.3414116772552,274.700012207031
-71.7714577084348,41.2974717627249,274.200012207031
-69.8468675477759,41.6183414626091,264.100006103516
-70.1263153198188,41.1094051259955,264.100006103516
-72.7755985319973,41.6584991127233,272.899993896484
-72.490166332129,41.5167328886757,271.399993896484
-70.7517162135101,41.6881784099043,273
-72.2564845378371,41.4960321146786,271.300018310547
-70.982635765132,41.8600100375142,272.399993896484
-72.9399090185267,41.1426837175286,274.399993896484
-70.746090252644,41.8516312474917,272.600006103516
-72.8084994240767,41.2524079315223,274.300018310547
-71.4530845447914,41.1780189021872,264.100006103516
-72.7792444618706,40.8440674873224,NA
-71.1771659500808,41.7786241395435,273.5
-70.6610875595612,40.9536636683532,264.100006103516
-72.7642447214299,41.2125170045288,274.300018310547
-73.0352393667182,41.4260328238331,272.600006103516
-70.6962696875221,41.2366080324985,264.100006103516
-70.0044383909074,41.0139474222417,264.100006103516
-70.8230906416857,41.5548057273763,273.700012207031
-70.1237520213207,40.8022764594764,NA
-70.5172036114695,41.6301363364565,272.399993896484
-71.770450374428,41.5125591662398,271.899993896484
-72.6828951790836,41.6952630231223,273.100006103516
-70.1485382606293,41.718775166475,274
-71.4650160330779,40.9764157751632,264.100006103516
-71.0422606071854,40.9689295019633,264.100006103516
-71.9760560608275,41.3042578111046,273.700012207031
-69.5711992217254,41.2493135615417,264.100006103516
-71.9542485436416,41.4676872737455,272.200012207031
-73.3247103114127,41.6831352082174,271.800018310547
-70.5197063616576,41.7954838768968,273.100006103516
-73.1408888851431,41.6969496848735,271.200012207031
-69.7248084671735,41.2604900041696,264.100006103516
-72.2070126638108,41.4206580618683,271.800018310547
-70.5119357919254,41.5615668119632,273.600006103516
-72.9851027667216,40.9898238990299,274.399993896484
-72.4868655026699,41.7582844212778,272.100006103516
-73.0919531864556,41.3182057650843,273.5
-69.5724085539582,41.6048843492717,264.100006103516
-70.0532134020279,40.9779948911024,264.100006103516
-69.9892100781157,40.9443698825043,264.100006103516
-69.7437278173517,41.3294596550968,264.100006103516
-72.5101117973019,41.0225009007222,274.300018310547
-69.7851744424302,40.968219310338,264.100006103516
-70.2188284812679,41.6909211187058,273.5
-72.8006699467455,41.8679994931919,272.800018310547
-70.7411283973032,41.3684830326911,273.200012207031
-71.6939437074451,41.6865852686061,271.899993896484
-70.8272764483728,41.7123479655287,273.100006103516
-72.5895502252665,41.2472062300696,273.899993896484
-71.211902347024,41.7409856373221,273.300018310547
-70.9070109953107,41.7911877781145,273.5
-70.9027273163032,41.497112578963,273.800018310547
-69.8965252277605,41.0515253737554,264.100006103516
-71.6240997679392,41.0275657323897,264.100006103516
-71.4064528053045,41.3589683003102,264.100006103516
-70.6300753437179,41.038878814673,264.100006103516
-72.7523934796212,41.1852114815395,274.300018310547
-71.899826868636,41.1689011825038,274.399993896484
-70.0483775269035,40.9631805165891,264.100006103516
-70.9334284473444,41.3146812213512,264.100006103516
-70.5834773558651,41.4853608128672,273.899993896484
-71.3655733402449,41.7696301903919,273.700012207031
-71.6971393204024,41.3705203359559,274
-72.6425293991922,40.8794203160215,NA
-70.3385481698607,41.188291375397,264.100006103516
-70.9991926733807,41.6808281164117,273.100006103516
-73.4646746208642,41.2004021042706,273.899993896484
-72.679220231842,40.8441999458182,NA
-71.0286207243479,41.3570475528359,264.100006103516
-70.966891663054,41.6943876079709,273.100006103516
-70.9405502964696,41.3265717069296,264.100006103516
-69.4060370452315,41.3213280514472,264.100006103516
-71.3955277820164,41.309868763476,264.100006103516
-72.3778485195631,41.6759498332729,271.899993896484
-70.5250854711286,41.1932921072169,264.100006103516
-70.1486768636273,41.7245551498501,274
-69.8531461137747,41.2663927261225,264.100006103516
-72.9472284485789,41.168813239909,274.5
-69.7760382316603,41.463211506873,264.100006103516
-72.7091905161582,41.901295328831,273
-71.527329788708,41.3093558398547,274.200012207031
-71.8358215205699,41.0976007559364,275.899993896484
-69.7145007876985,41.3746208999703,264.100006103516
-73.3590528875884,41.1703839650423,273.800018310547
-71.4648858407716,41.4839866636722,273.300018310547
-70.4819436243958,40.9909694032317,264.100006103516
-70.2105548982155,41.2301574968227,274.399993896484
-70.6671658075455,41.0540348659654,264.100006103516
-71.4687094183286,41.5623980631113,273.100006103516
-69.617957394238,41.2523557487193,264.100006103516
-71.8682026405681,41.4159149147202,273.200012207031
-70.3056371724267,40.9718886759072,264.100006103516
-73.3790856274174,41.1806386325062,273.800018310547
-71.5958491858819,41.4600295919979,272.399993896484
-72.0140965917742,41.3095006795649,273.399993896484
-70.9381781046889,41.3970817653247,274
-72.0077170965105,41.2900351238623,273.700012207031
-72.7904412863461,41.3043890482918,273.600006103516
-72.4832443742214,40.9043774413934,NA
-71.3115368219345,41.3440626812284,264.100006103516
-73.3954860987258,41.56325849105,272.399993896484
-73.5099804210543,41.2077157638128,274
-73.432575205089,41.5398350505029,272.700012207031
-71.8500251846983,41.1319604418185,274.700012207031
-70.7827891279576,41.5310680555596,273.800018310547
-70.2387651619406,41.2997973523421,274.300018310547
-70.1867653258828,41.2482243654456,274.5
-72.3026795466136,41.4059671654765,272.100006103516
-71.775025419838,41.6824859694686,271.399993896484
-70.858616852685,41.2707987597114,273.5
-72.86101185567,41.2425343614828,274.600006103516
-72.7687331636904,40.954546030692,274.800018310547
-71.7716921692335,41.1312555920566,264.100006103516
-73.0713506738017,41.1723924506756,274.5
-70.5924802162248,41.6267918674509,273
-72.6939400600285,40.960696492,274.899993896484
-69.9643847083767,40.9813851635079,264.100006103516
-73.4196577765897,41.4576838414335,273.100006103516
-70.0957898238685,41.5738004603905,274
-69.4071111936582,41.1800950923856,264.100006103516
-72.3204651856379,41.7988688987646,272.100006103516
-71.8179354311026,41.2865562061838,274.5
-70.4419484255573,40.9733591059975,264.100006103516
-71.4818088279928,41.2824539784751,264.100006103516
-71.1190204253932,41.4756158854674,274
-73.0417684509041,41.5479480580331,272.200012207031
-70.2059375546369,41.5082707645222,264.100006103516
-71.8039225114442,41.569206907482,271.700012207031
-72.5766506152948,41.1337245087824,274.200012207031
-71.7804338048749,41.4264290051024,272.800018310547
-69.9073177484515,41.4622787818245,264.100006103516
-69.9994839038336,40.8140588336929,NA
-71.0182781612157,41.754692030824,273.200012207031
-71.4617388556788,41.5111783851691,273
-70.0736382352051,41.1581253441645,264.100006103516
-70.742664014279,41.2115644489259,264.100006103516
-72.9536474355569,41.5324969781952,272.700012207031
-73.3380594367317,41.3920749054572,273.800018310547
-71.6645468299892,41.4017121675115,273.399993896484
-70.4143744070615,41.6397106171952,273.200012207031
-69.7249552428976,40.9079499018678,NA
-72.5291578146179,41.1626434918125,274.100006103516
-71.0865845000557,41.0088463057287,264.100006103516
-71.8011547242689,41.6481095919041,271.300018310547
-71.9926351153044,41.5336255055657,271.899993896484
-72.3021864488535,41.751383132535,272.100006103516
-73.3447877011284,41.5466017732736,272.300018310547
-69.7149027493991,41.020263438865,264.100006103516
-70.0183626784454,41.4435268322723,264.100006103516
-70.6187365086137,41.8341299343817,272.600006103516
-71.0693474944062,41.38350628923,264.100006103516
-72.3340846988011,41.2472869900406,273.700012207031
-70.2535259414289,41.3462333892028,274.300018310547
-72.6022083549321,40.8447141521906,NA
-70.9367398735043,41.3095675591254,264.100006103516
-73.1965087744682,41.4784281351259,272.899993896484
-70.8488267419405,41.7360419397462,273.100006103516
-72.6401112617195,41.6159795470917,273.200012207031
-71.8282943772604,41.2468022919688,274.200012207031
-72.263454623592,41.1723250052859,273.899993896484
-69.6303763750835,41.1798223308675,264.100006103516
-69.91593751288,40.9429734816428,264.100006103516
-71.1106377615453,41.1446916194585,264.100006103516
-70.432197131167,41.6693823443856,272.800018310547
-71.8763485487413,41.6957829788334,271.200012207031
-72.1610994170626,40.9852146738252,274.600006103516
-70.567037117303,41.4669008015839,273.899993896484
-72.5818630003837,41.7333590974067,272.899993896484
-70.921888013835,41.3227822799983,264.100006103516
-70.3480030167503,41.0627826581846,264.100006103516
-69.8045474603132,41.2820330515338,264.100006103516
-70.1415529566283,41.6589571146043,273.899993896484
-71.1252126107935,41.3265088292284,264.100006103516
-72.3562633683506,41.2243337144683,273.600006103516
-72.6696151283773,41.3583681929084,272.700012207031
-69.6045579560259,41.1531227872243,264.100006103516
-72.3493174838072,41.4595194871891,271.200012207031
-73.1940207771922,41.5744407737839,272.399993896484
-72.9378098852017,41.7327110964443,272
-72.6348222786397,41.6430836614137,273.100006103516
-70.7739036059007,41.2900613542076,273.399993896484
-71.149201508814,41.3773615121875,274
-73.1792217015987,41.234288288573,274.200012207031
-71.7609128021707,41.6887353587248,271.399993896484
-69.7376886805293,41.1347825119373,264.100006103516
-71.9091400632905,41.3675791166163,273.600006103516
-72.2461783246935,41.4924387470104,271.399993896484
-73.4622878332095,41.4496407908933,272.700012207031
-70.3138909985425,41.5032569203226,264.100006103516
-69.7506859527949,41.3629443631861,264.100006103516
-70.1759670159768,41.1697655371743,274.600006103516
-70.1715025504501,41.2880820705004,274.5
-70.6585659725065,40.8910067354271,NA
-70.4128599121941,41.8545323409941,264.100006103516
-72.9022646774073,41.8525265012967,271.800018310547
-71.8634190514292,41.045671461973,276.100006103516
-73.0696594474668,41.290309749042,274.100006103516
-72.7219654407555,41.7679891527402,273.300018310547
-70.0570276690551,40.8728767416573,NA
-71.5612607159545,41.3475812002489,274.100006103516
-71.4650644316474,41.1745030723915,275.100006103516
-71.2846453537171,41.7567191603343,273.5
-71.2738441390876,41.7908882712515,273.5
-71.0401849505771,41.0774561699906,264.100006103516
-73.2347684554788,41.263256721613,274.100006103516
-72.9068402873838,41.2205930072195,274.5
-69.8843739641478,41.6600682998401,274.899993896484
-73.1180930586847,41.6090551788847,271.800018310547
-69.5089569030237,41.5266816098273,264.100006103516
-73.1220404660957,41.4475829342874,273.200012207031
-72.9610637166999,41.7099471706183,271.300018310547
-72.6690390788448,41.1693468981268,274.300018310547
-72.4447455848545,41.7727430422649,271.800018310547
-70.8679683925793,41.4741808177478,273.700012207031
-69.8022117543639,41.6776353446537,264.100006103516
-71.9088261450583,41.7555164702375,271.399993896484
-73.0351559804416,41.1299077796141,274.399993896484
-72.8581839961162,41.5763248641273,272.800018310547
-72.3259136780172,41.5768087466901,271.600006103516
-73.2058518574263,41.8641426460064,270.600006103516
-69.8666577359711,40.9720785001569,264.100006103516
-73.1157407490857,41.9320120626994,270.899993896484
-71.6652438316281,41.857222360651,272.399993896484
-70.0503276493607,41.0617196502619,264.100006103516
-71.4432524037102,41.0041111044872,264.100006103516
-71.7061380573073,41.2477258302522,264.100006103516
-71.801016741716,41.0605531670903,276
-70.5547036008398,41.2790630670681,273.600006103516
-71.8487110531264,41.2893019024854,274.399993896484
-70.5418245214341,40.9789287318902,264.100006103516
-72.3312700776569,41.3516605453886,272.700012207031
-72.5737223852621,41.2444334139034,273.800018310547
-73.1960391842544,41.2334877053123,274.200012207031
-70.3425536765578,41.3757963746875,264.100006103516
-73.0743662632716,41.1887475985188,274.5
-71.8204700214914,41.3648313452351,273.700012207031
-70.0819433424552,41.109736759725,264.100006103516
-72.3851759730105,41.5324940311913,271.700012207031
-70.3006698631425,41.1310362120281,264.100006103516
-69.6496502306214,41.6042800163043,264.100006103516
-72.0707268325501,41.1501123590963,274.5
-71.9965546576021,41.0919336300741,275.600006103516
-69.8248401232746,41.4989855440317,264.100006103516
-69.9333937986558,41.0094516206583,264.100006103516
-69.7726529812072,41.6063236433947,264.100006103516
-72.319892070695,41.6038879759775,272
-71.6871970570643,40.988169632537,264.100006103516
-69.9256858216194,40.8528908227683,NA
-71.4704073741803,41.5561030154036,273.100006103516
-70.1679234976192,41.7203352444676,274
-71.0239283724281,41.6995544695931,273.300018310547
-71.1434948775636,41.8278631985222,273
-70.5890769198762,40.9403866590681,264.100006103516
-73.2503063992658,40.9343187476618,274.399993896484
-71.282499583925,41.5368809036695,273.899993896484
-69.5516815784808,41.5370454091566,264.100006103516
-71.9971755583769,41.4176818443442,272.5
-73.2068798462808,41.105578786947,274.399993896484
-71.6005341656811,41.8943001814223,272.200012207031
-72.8162756828278,40.9909719578416,274.700012207031
-71.8556626064567,41.7511819137808,271.399993896484
-72.2199071926843,41.6338950226073,271.899993896484
-69.6600441673766,41.5636457606489,264.100006103516
-73.0870242416796,41.7156975917911,271.399993896484
-70.5013318557076,41.1762679822342,264.100006103516
-72.1224591768162,41.4253230561608,272.300018310547
-72.8589656095071,41.7045288417593,272.600006103516
-71.6046890165907,41.1883911629812,275.100006103516
-73.4827534115158,41.3015954243569,273.800018310547
-71.2451646377619,41.8652191754598,273.200012207031
-72.8507016443167,41.5614060994309,272.800018310547
-70.7629016686186,41.7370592671539,273.100006103516
-73.2200162340861,41.2323625564393,273.899993896484
-72.169805063036,41.5145949870656,271.800018310547
-73.0388690869823,41.2648852124348,274.100006103516
-72.7393189908464,41.4502669912327,272.5
-72.7250158348819,41.9181542378282,272.800018310547
-70.5314553986282,41.1280051071155,264.100006103516
-71.8573640633913,41.0780419632538,276.100006103516
-70.8363096777848,41.4436316492012,273.800018310547
-72.7175610659124,41.8690382436308,273.100006103516
-73.1463693641636,41.1587008455362,274.800018310547
-71.4885929738735,41.6188147147883,273.100006103516
-72.581818997918,41.6794583988939,272.700012207031
-70.1245355519253,41.5753676852585,274
-70.1524957801389,41.4786522020971,264.100006103516
-69.746167213739,40.9728887851823,264.100006103516
-70.6039169506253,41.5954756123977,273.200012207031
-72.5083237555229,41.6952382780089,272.300018310547
-69.7276481797331,41.710918086625,264.100006103516
-73.4098074470262,41.3657314677966,273.700012207031
-73.3539504706085,41.5057067102895,272.399993896484
-72.6618700787842,41.1301797119384,274.300018310547
-72.2467460656571,41.2842041345865,273.200012207031
-71.5130078777679,40.9742888050048,264.100006103516
-69.8057589429084,41.0969722098915,264.100006103516
-71.2097041958674,41.360654636975,264.100006103516
-73.0257675654926,41.0503824627047,274.300018310547
-70.6084630740459,41.1800867929055,264.100006103516
-70.4370362231642,41.7608131561496,273.200012207031
-69.9600522618083,41.1768898198796,274.399993896484
-73.4549300983814,41.2995612714147,273.800018310547
-72.2070257085722,41.6455682395436,272
-71.0532703973368,41.6052648833804,273.399993896484
-73.228898909225,41.253271993224,274.100006103516
-73.4258039324802,41.0658785013879,273.899993896484
-72.107871233672,41.095442925464,274.700012207031
-70.3141472413952,40.8833458838071,NA
-72.996282452847,41.8078620625699,271.5
-71.2509819789579,41.8730010678906,273.200012207031
-71.1480678997831,41.1240804285699,264.100006103516
-69.9428329619656,41.5121922743125,274.300018310547
-71.7272051359186,41.6558727940968,271.5
-72.0875248935408,41.6360630410777,272
-69.4388551907478,41.1848682002743,264.100006103516
-72.7251769030015,41.4125873731127,272.399993896484
-69.6625589410965,41.5811077329888,264.100006103516
-72.2651765908608,41.3813716348539,271.899993896484
-71.8415789435352,41.4060532072649,273.200012207031
-73.0031976927988,41.9663780950291,271.200012207031
-73.0588277905648,41.0431070686896,274.399993896484
-70.7128792314792,41.6102662254356,273.399993896484
-70.1983006233787,41.7392961171,273.899993896484
-73.3412375779943,41.5051125454908,272.399993896484
-72.8004611024283,41.5814004001887,273
-69.7716743427852,41.5309791782016,264.100006103516
-72.89533472019,40.9548905983389,274.200012207031
-70.159218547238,41.3195814076103,274.700012207031
-70.2337859158326,41.5242066493977,264.100006103516
-70.1206355218545,41.2058266527824,274.5
-72.0266190828974,41.4296404623508,272.200012207031
-70.8030769150299,41.5137074711007,273.700012207031
-72.250770952592,41.0662322932239,274.600006103516
-72.5438770522255,41.0688920826313,274.399993896484
-71.0155131853117,41.5879008838378,273.300018310547
-72.7173462599273,41.3349762963624,272.800018310547
-69.5009539024271,41.0881932062984,264.100006103516
-72.4765728863297,41.7868356396183,272.100006103516
-71.7188968320275,41.400596329685,273.300018310547
-69.4384093055823,41.2805408395325,264.100006103516
-70.3560048092131,41.0360159308407,264.100006103516
-72.6766774195925,41.6270661273273,272.899993896484
-70.572947933752,41.5547702382107,273.600006103516
-72.0080002930772,41.3141240756354,273.399993896484
-73.2858127357909,41.1957995383116,274
-70.7839031341997,41.1774914697664,264.100006103516
-70.8146088280172,41.1009492455132,264.100006103516
-70.0224585138527,41.644128022108,274.800018310547
-73.0839253285556,41.7335571155672,271.5
-72.9590209234486,41.6527861622355,271.700012207031
-71.7222627022428,41.7223529506593,271.700012207031
-69.7956532693669,41.0486108547958,264.100006103516
-72.4605689651691,41.7931281450046,272.300018310547
-72.6582267578631,41.7507498280507,273.600006103516
-70.4144463536412,41.8064597757998,264.100006103516
-72.1175594199347,41.3009446618351,273.200012207031
-73.2485714498583,41.7548117252071,270.700012207031
-73.2846925289516,41.7024350307008,271.5
-72.9909558750346,41.9612297164164,270.800018310547
-71.1887428434091,41.108196454475,264.100006103516
-72.5272977414778,41.4677848256619,271.200012207031
-69.6640791876054,41.620340405111,264.100006103516
-70.4760092753514,41.4045034362452,274
-70.9433609049527,41.5836068428194,273.700012207031
-72.8417434560024,40.9854692816096,274.600006103516
-73.1535553493899,41.1712503573683,274.700012207031
-70.2607545764736,41.2101814712871,274.5
-72.9132994635952,41.3978489959418,273.200012207031
-72.3705494081237,41.8219301184078,272
-72.528249297087,40.8637507169081,NA
-73.3476406906345,41.0216717045451,274.100006103516
-70.4732614310536,41.224163360776,264.100006103516
-70.6521847382625,41.5797647440588,273.600006103516
-73.2234699984391,41.3766320739905,273.399993896484
-72.1502503809545,41.1793535712493,273.899993896484
-69.741341916047,41.0978655994763,264.100006103516
-69.7100325551839,41.3811529966034,264.100006103516
-70.028058785017,40.8229089996653,NA
-69.6943494609691,41.2574271259639,264.100006103516
-71.6599935791577,41.6954851890079,272
-72.6257162952987,41.7183858991582,273.300018310547
-70.1871405005416,41.3921254488637,264.100006103516
-70.7512909562165,41.4345981093204,273.800018310547
-71.5817117638996,41.9101116746385,272.5
-72.2661174158531,41.03322042537,274.700012207031
-72.2851569281299,41.1497411223491,274
-70.9829594775329,41.6804395992516,273.100006103516
-71.1100289392176,41.075697614974,264.100006103516
-70.6633897720741,41.9129125644238,272.600006103516
-72.3681036541012,40.9612842868911,274.399993896484
-70.0860019251455,40.8125733080278,NA
-70.1959638653704,40.8047257355609,NA
-71.2276787151361,41.8454348132585,273.200012207031
-72.5100846056221,41.2897546376303,273.100006103516
-70.4594704370838,40.8691491789059,NA
-70.5383916816876,41.0003424604683,264.100006103516
-72.7943452664555,41.4214019800984,272.5
-69.990991888468,41.2802783196347,274.700012207031
-71.738814233622,41.1445917595398,264.100006103516
-72.600808022922,41.7681776702205,273.399993896484
-72.8261737558325,41.6408837693874,272.5
-71.1432817864732,41.0245029080858,264.100006103516
-70.9590233982715,41.2819423479382,264.100006103516
-73.5089814678732,41.4195618018442,272.600006103516
-71.8202405830222,41.5804374032774,271.700012207031
-69.9434479434631,41.7254479062983,274.899993896484
-70.2223748248896,41.773943082516,274
-69.4414838604566,41.1436557107334,264.100006103516
-71.8684014171042,41.2197045615185,274.100006103516
-72.3460189424803,41.3238061543795,272.899993896484
-72.6261329010445,40.9793897933265,274.399993896484
-70.5846891091825,41.4016761946262,273.700012207031
-72.5989639859749,41.3383888986339,272.399993896484
-72.7026870156974,41.0666108030829,274.399993896484
-73.3075134921064,41.0391196660489,274.200012207031
-71.3404397046826,41.1830595919945,264.100006103516
-70.513743152283,41.830623521481,273.100006103516
-71.4950807570346,40.9884665942857,264.100006103516
-69.5419989145646,41.5239552455583,264.100006103516
-71.1673533905929,41.266985821543,264.100006103516
-72.0514633347839,41.4338736524313,272.300018310547
-71.2824237229535,41.4986228120383,274.399993896484
-71.3495619650726,41.0590134555979,264.100006103516
-70.6140555010118,41.7600056226294,272.800018310547
-70.7374757937916,41.2349156320214,264.100006103516
-73.4531734979456,41.3566929376708,273.5
-72.3798144652966,41.3928404274153,272.300018310547
-70.6820654202903,40.9589647708612,264.100006103516
-70.9713586074707,41.6833757534981,273.100006103516
-71.6969964166795,41.2309932989022,264.100006103516
-72.0161019675629,41.2931108024877,273.399993896484
-71.3131820120155,41.1243352762592,264.100006103516
-72.744439190707,41.2871865410422,273.700012207031
-72.837994419526,41.2370212171312,274.600006103516
-69.6831559920996,41.084501921969,264.100006103516
-70.8287551125372,41.9071367331626,272.800018310547
-72.2326363979942,41.2127027492783,273.600006103516
-70.4407918928151,41.4855539254057,273.600006103516
-72.9676485089534,41.5626401413815,272
-71.1490901716794,41.3323794346482,264.100006103516
-71.8889267122855,41.0998342793318,275.899993896484
-72.9395516122973,41.640506540883,271.700012207031
-69.7613229007371,40.9870832373794,264.100006103516
-72.842590908828,41.3936948275692,273.100006103516
-69.5042536644123,41.4541347126167,264.100006103516
-70.9197637842774,41.6645641556045,273.5
-70.7176801131159,41.5561599678173,273.700012207031
-70.916769880519,41.7886377713041,273.5
-72.9442501407286,41.6675471239794,272.200012207031
-69.8075618946377,40.941501483094,264.100006103516
-69.7757499896419,40.9675778367992,264.100006103516
-72.8740542209974,41.6553427975704,272.5
-71.8900129362689,41.6228802672125,271.700012207031
-69.9108942655504,41.3356155468012,264.100006103516
-70.9066679286845,41.1554874768688,264.100006103516
-72.040765943545,41.4023345573011,272.700012207031
-69.5099977680404,41.1681604201819,264.100006103516
-70.5507602051264,41.4233421998059,273.700012207031
-70.1486232529337,41.4638551085553,264.100006103516
-71.402119713242,41.8485871388407,273.600006103516
-70.2082936842122,41.6339823678138,273.700012207031
-72.8089370507714,41.2105245257738,274.5
-73.0742228633853,41.102496326191,274.399993896484
-72.3112978360399,41.24743008283,273.700012207031
-70.4531679800959,41.4355225008162,273.700012207031
-70.7687004349992,41.0267970768661,264.100006103516
-71.8578000069842,41.3594292782406,273.800018310547
-73.5081365295843,41.4218506485903,272.600006103516
-70.1866269858995,41.1487777447738,264.100006103516
-70.2434563673858,41.4382237164066,264.100006103516
-72.2650200633587,41.3752784675239,272.5
-71.7355438098253,41.3289206759619,274.5
-72.3847427482002,41.5820713633161,271.899993896484
-72.8221217619992,41.2310519624885,274.5
-73.0676282075966,41.808439654661,270.800018310547
-70.2317701196496,41.3197027612191,274.300018310547
-71.1609270555798,41.1619132129709,264.100006103516
-70.5931431733487,41.5061874752059,273.800018310547
-70.7790245196585,41.0749374820783,264.100006103516
-70.0999139608201,40.827960706106,NA
-70.0576796055715,41.2092965462391,274.600006103516
-70.0367828689995,41.1546999439868,264.100006103516
-69.9395802767322,41.0412541333047,264.100006103516
-70.6664707751454,40.907118247713,NA
-70.7288435992663,41.301425550195,273.5
-72.3908877422013,41.4250010890061,271.5
-69.4748955956032,41.0849647912101,264.100006103516
-71.5875092412189,41.4646197993644,272.399993896484
-73.0938466769215,41.0582428872588,274.5
-70.9595535502831,41.82341953757,273.100006103516
-70.5974907842114,41.2072112156367,264.100006103516
-72.5734791043164,41.9567406799273,273.100006103516
-70.7244435559776,41.781120951426,272.800018310547
-71.476809106234,41.7563052436986,273.5
-70.4484171107639,41.6691000414118,272.800018310547
-72.6604979250001,40.9803881202116,274.600006103516
-70.6817097405167,41.7784397040769,272.800018310547
-73.1933841668253,40.9724918054402,274.300018310547
-72.6834432941364,41.9615522653194,272.899993896484
-70.5058764732964,41.6478876086701,272.399993896484
-69.8795003430333,41.0059804827125,264.100006103516
-71.2428460942483,41.0973126181631,264.100006103516
-69.9895931200951,40.8356991631852,NA
-71.6204740969464,41.8335830713411,272.399993896484
-73.0320867513754,41.8869762595926,271.100006103516
-70.1362963966208,41.582501913264,264.100006103516
-72.6763571042247,40.8309986760965,NA
-70.6115948090997,41.5657425706581,273.5
-69.4377492107912,41.212218366518,264.100006103516
-69.7897441870812,41.598586255135,264.100006103516
-70.559175724624,41.2601280812617,273.600006103516
-71.416750713733,41.7416752236595,273.5
-70.3258953168685,40.8952425231273,NA
-70.7003866469646,41.6741970306671,272.899993896484
-71.8739523224213,41.062817306147,276.100006103516
-70.7029242432365,41.6788658385814,272.899993896484
-73.0251869088664,41.3992844448839,272.899993896484
-69.9413429082024,40.9542554840948,264.100006103516
-73.1131342785934,41.8539943647678,270.899993896484
-72.7117098873376,41.3783155775993,272.399993896484
-72.4996431971113,41.3545425272135,272.200012207031
-72.743479174308,41.2906465115414,273.700012207031
-70.6465581627318,41.3812937467594,273.300018310547
-72.7513917575594,41.5908339419428,273.100006103516
-72.9057924597016,41.2696638395322,274.5
-72.6019157418589,41.116514248332,274.300018310547
-69.5177613404239,41.0155839664944,264.100006103516
-72.8656959568264,41.2860916947533,274.5
-73.4775968818984,41.2592210849645,274
-72.3755978194062,41.307422186112,272.899993896484
-72.6935458124642,41.5029904619631,273
-69.6750521845931,41.5559490065231,264.100006103516
-72.8363101683811,41.5178356241766,273
-71.2450970988472,41.7034866452361,273.399993896484
-72.9606127138259,41.9800745446273,270.800018310547
-72.6129628945577,41.1915126112131,274.200012207031
-69.6363607913479,41.4927489565915,264.100006103516
-72.9741467125089,41.4507819983121,272.300018310547
-70.3055467194348,41.150926846786,264.100006103516
-71.6135953717288,41.5252371347084,272.300018310547
-69.577240765181,41.0949141022094,264.100006103516
-71.4815041634485,41.9327965337918,272.600006103516
-70.3513809239853,41.4261575425337,264.100006103516
-72.354816228384,41.1629177033727,274.100006103516
-70.0457815297938,41.5969211753275,274.300018310547
-71.9650853038007,41.2493097562983,274.200012207031
-73.144338191733,41.4097741269691,273.5
-71.7074800501387,41.126318499266,264.100006103516
-71.9296574892244,41.2998201843607,273.800018310547
-71.4182663656726,41.209455633339,264.100006103516
-73.1217989896432,41.7652301368301,271.399993896484
-71.7900460502019,41.6169180424252,271.399993896484
-71.3020946315465,41.7752908505523,273.600006103516
-73.0031100732369,41.8180235357843,271
-73.1098416064456,41.1178081162485,274.5
-72.5197135904416,41.2416909757279,273.700012207031
-71.3517689720228,41.4967580797008,274.600006103516
-72.4841532462923,41.3435978025396,272.200012207031
-69.6374660207971,40.926186001741,264.100006103516
-71.7794344904098,41.7450041812364,271.5
-69.7256228591401,41.6472898506047,264.100006103516
-70.7406797442204,41.0713980494404,264.100006103516
-71.7293617856582,41.5348879668888,272.100006103516
-72.9718986588778,41.1279860331412,274.5
-70.4077820683075,41.1136493773947,264.100006103516
-69.609412615992,41.2394059104861,264.100006103516
-70.7239306897199,41.5079309338098,273.700012207031
-69.8845664899888,41.744956587906,274.800018310547
-71.9270941117255,41.6821008020397,271.600006103516
-69.9564396037838,41.4087717021511,264.100006103516
-71.5491909946249,41.8679653627425,272.600006103516
-71.5306489453823,41.7802302337503,273
-69.5524908604463,41.5207642612173,264.100006103516
-71.4229054383167,41.6277983876882,273.399993896484
-70.2816441923786,41.3182011529897,274.200012207031
-69.6190712049051,41.2543809701619,264.100006103516
-72.5321696949053,41.0137895676217,274.300018310547
-72.889221487389,41.8390239219343,271.800018310547
-71.1651272461877,40.9863325655056,264.100006103516
-71.1153203443454,41.4378310211591,273.899993896484
-70.5858076704935,41.5212325636477,273.800018310547
-70.2340758804531,41.4829958031633,264.100006103516
-72.4627271101428,41.2737917203062,273.100006103516
-72.6359163651266,41.1213501716417,274.300018310547
-73.2409793467201,41.2291007579861,273.899993896484
-70.2347906726801,41.6913465770287,273.5
-72.3546293559152,41.6799431944359,272.100006103516
-72.4814569740828,41.1839359452606,273.899993896484
-71.0476910767914,41.6064001755658,273.399993896484
-72.7316637227386,40.9363747045785,275
-72.185126683445,41.1895182506431,273.800018310547
-70.3865842019939,40.9308644982936,264.100006103516
-70.9373605199351,41.6311426919163,273.5
-71.618287883577,41.7241235456054,272.300018310547
-70.766361089234,41.8325168586356,273
-70.0642498106218,40.8373085956727,NA
-69.647157579044,41.4871179901762,264.100006103516
-72.0896830365876,41.1453986345086,274.300018310547
-71.5162004154757,41.3005223828803,274.200012207031
-70.9827689825897,41.4004589429453,274
-70.9482852657571,41.7056759635735,273.200012207031
-73.1403837831196,41.2708112841986,274
-73.0066220235841,41.8568007410855,270.899993896484
-69.8372870781002,41.1469945761865,264.100006103516
-71.8009277136282,41.5173815708116,271.899993896484
-73.2943187352562,41.5728718838252,272.300018310547
-71.014667515784,41.482905211002,273.899993896484
-72.2079308878388,41.1806367336548,273.800018310547
-70.5934265414049,41.3893478460505,273.399993896484
-71.1971307665888,41.5093726110625,273.800018310547
-73.0385568200589,41.3422203960563,273
-71.0041907361234,41.4018023128185,273.899993896484
-70.5102499212647,40.9936257055,264.100006103516
-70.12398308894,41.3754555109039,264.100006103516
-69.8497085648116,41.0220562698379,264.100006103516
-71.7864560856305,41.0462191888387,264.100006103516
-72.3342893849802,41.5070332100179,271.5
-72.708785633356,41.1237075261734,274.300018310547
-69.7939699354017,41.6873023758597,264.100006103516
-71.6863667329545,41.202233207194,264.100006103516
-70.3937939144272,41.0034997642863,264.100006103516
-73.107042950201,40.9775048570321,274.5
-73.2573354513885,41.2040394845702,274
-71.0084010532813,41.2476995004819,264.100006103516
-71.1778837809471,41.5814132707087,273.899993896484
-71.3279807118737,41.3768654704409,274.200012207031
-73.1835614856046,41.7307615927809,271
-71.7712117665119,41.5065794750365,271.899993896484
-72.0360558289763,41.226142729944,274.200012207031
-71.2514165275128,41.1727252978937,264.100006103516
-69.6539021387946,41.4386300675204,264.100006103516
-70.9569457974735,41.2917921838721,264.100006103516
-69.9635873227711,41.0795879999684,264.100006103516
-73.2141910111182,41.794605905739,270.5
-71.4769837249125,41.29406732867,274.200012207031
-69.7399142227944,41.690935242652,264.100006103516
-69.6260438321727,41.543931166921,264.100006103516
-72.8022358027114,41.0480885986231,274.399993896484
-70.1847712134844,41.371313146466,274.399993896484
-70.6094171018011,41.5212963328232,273.800018310547
-70.3597773214428,41.4054911279989,264.100006103516
-72.4298527835177,41.428195547639,271.300018310547
-72.3399222121694,41.7728029626288,271.899993896484
-70.279809008335,41.7064723036737,273.300018310547
-71.9207556824111,41.1301734721771,274.700012207031
-71.5090144475911,41.1566051540592,275.100006103516
-70.7519605176121,41.0202833853222,264.100006103516
-72.2282561511425,41.2945756946572,272.899993896484
-70.0208648717744,41.0275050699685,264.100006103516
-69.7403479119751,40.926677825742,264.100006103516
-72.9004930610446,41.5298087870102,272.899993896484
-72.556012447281,41.1878795045159,274
-70.3580413787451,41.6805294476798,273.200012207031
-69.4263387354761,41.1537517538708,264.100006103516
-71.177744075792,41.1933043800692,264.100006103516
-70.9847934149058,41.575390549674,273.600006103516
-70.9354120304816,40.9732980545337,264.100006103516
-71.2257960198365,41.0058718574682,264.100006103516
-71.0189650931466,41.0620965751846,264.100006103516
-69.9891373232232,41.5954923222336,274.600006103516
-71.2609293079795,41.5604360140146,273.800018310547
-73.2812901960271,41.1728321924157,274
-70.8512555252487,41.0565515424749,264.100006103516
-71.3327082056484,41.1847294162771,264.100006103516
-72.9441755697818,40.9285249517421,274.100006103516
-70.6544895057759,41.7134946902012,272.5
-72.6331249962214,41.3187879575401,273.200012207031
-71.5164454614143,41.2659745512449,264.100006103516
-72.4924442490147,40.9759958673289,274.300018310547
-69.5296740872227,41.4153691031835,264.100006103516
-72.9388592524354,41.5852439548563,271.800018310547
-70.0188521662556,41.5340839188319,274.399993896484
-70.7765578834202,41.2869519459052,273.399993896484
-72.450175451357,41.1659160734177,274
-70.7249304444698,41.2071574738709,264.100006103516
-72.5313334120179,41.3851999048714,271.300018310547
-69.932675180672,40.8691063230685,NA
-70.0687458783835,41.1892018018592,274.5
-70.1002987899511,41.7589362344657,274.399993896484
-71.9622805086182,41.2262339273135,274.200012207031
-70.7535997970867,41.3034007619427,273.5
-70.6739685301683,41.6124365097363,273.399993896484
-71.013605692441,41.5280540411469,273.700012207031
-73.1410683642959,41.0020344448124,274.399993896484
-71.7055554063934,41.0005725904141,264.100006103516
-71.0311794610332,41.3884739798077,273.899993896484
-71.4578442756976,41.1698987394031,264.100006103516
-71.1012399002236,41.3661197956023,264.100006103516
-69.7812062732314,40.9026467823714,NA
-69.410771847541,41.3360657206334,264.100006103516
-69.5230587361224,41.2377845724046,264.100006103516
-72.6718580036042,41.3360237504052,272.700012207031
-73.2078168580408,41.7126919332738,271
-72.0277648676812,41.7009974388132,271.800018310547
-71.8543919879311,41.1068787773255,275.899993896484
-71.0557946068318,41.6821634658095,273.600006103516
-69.7086820716965,41.5490082284311,264.100006103516
-71.8524230006679,41.0454067977334,276.100006103516
-70.9501154573374,41.0429489920389,264.100006103516
-72.2451988018482,41.1364513268878,274
-71.9146447724254,41.4532798351665,272.700012207031
-72.9408089114857,41.5802605213236,272.300018310547
-72.528771683901,41.0309982082254,274.300018310547
-70.9691754751314,41.8864766195521,272.200012207031
-72.5395665023584,41.6231218204289,272.399993896484
-70.4892505626919,41.2874535400953,264.100006103516
-71.3703527587212,41.8811277533504,273.300018310547
-72.3384878982669,41.4805516793085,271.200012207031
-69.9126054867875,40.9164560975816,NA
-71.8021285783272,41.1145004565836,275.899993896484
-73.196757474674,41.8645805668154,270.600006103516
-70.4943032631382,41.4896491112497,273.700012207031
-70.9366617427058,41.0542409802873,264.100006103516
-72.9250003293642,41.8813651273624,271.200012207031
-72.4897989409729,41.8920606539813,272.5
-69.9999222058886,41.5655343354542,274.399993896484
-72.8206741701867,41.7925887092404,272.600006103516
-70.9624213755559,41.4989619252703,273.899993896484
-71.1416230959313,41.6489977717268,273.399993896484
-71.0541711438895,41.2973517116963,264.100006103516
-72.1704675230331,41.1202558012525,274.5
-72.9029200918845,40.9599908705766,274.399993896484
-72.1450997590533,41.47444952155,271.700012207031
-71.802346203291,41.7482180788676,271.399993896484
-71.5217501242202,41.8684136338134,273
-72.156280404749,41.6281887791227,272.100006103516
-70.5615752429639,41.0119782645314,264.100006103516
-71.1834409215445,41.1683287228131,264.100006103516
-72.1535207151527,41.4458051016987,271.899993896484
-72.2737173468115,41.3106568817371,272.800018310547
-70.5550587786694,41.7852111478629,272.899993896484
-70.2869786105357,41.3300288792833,274.200012207031
-70.3160782485562,41.5080164706529,264.100006103516
-72.4398870625214,41.4708833505494,271
-69.5886295567115,41.5024361805832,264.100006103516
-71.6522830924016,41.3965697211684,273.399993896484
-72.9413184038325,40.872891180915,NA
-72.1605212846074,41.2266694770021,273.800018310547
-70.3591666454873,41.3877117478142,264.100006103516
-72.019049708859,41.0778254601289,275.600006103516
-72.3683492713502,41.7966811036417,272
-71.1254919758229,41.3350084905364,264.100006103516
-72.7514356473045,41.374361054216,272.800018310547
-71.1155675001826,41.299814064133,264.100006103516
-72.2835604497313,41.4464548917539,271.5
-71.440854822816,41.5548776139388,273.600006103516
-71.3449051952924,41.9048124693061,273.300018310547
-69.7180309795163,41.3473833186582,264.100006103516
-71.0152405025915,41.3707440577322,264.100006103516
-70.8644764024512,41.048254162317,264.100006103516
-71.8260126413619,41.4497328638179,272.800018310547
-72.7363597896215,41.4363745991121,272.5
-73.1341632277719,41.8143128590969,271.200012207031
-73.2098094376316,41.8756607723956,270.899993896484
-71.8939198153213,41.4338062539613,272.700012207031
-73.3677356801804,41.0621205466816,273.899993896484
-72.0170194247054,41.3024295700035,273.399993896484
-70.8885312969445,41.4948929736815,273.800018310547
-71.4163761354336,41.5326141400317,274.200012207031
-70.9617999921058,40.8917068479752,NA
-69.7836351018205,41.5354149898794,264.100006103516
-71.9589206646202,41.5489138776669,272
-70.6136698481532,41.5315269226622,273.800018310547
-72.5786468491529,41.0273301751197,274.399993896484
-70.0608047479147,41.6089007348799,274.300018310547
-72.583280684624,41.498135965156,271.800018310547
-70.5796888141863,41.3151113155077,273.700012207031
-72.3906448784181,41.0910229190215,274.300018310547
-72.6696179541,41.7506924572696,273.5
-70.4649346583239,41.2749649216524,264.100006103516
-71.650754594166,41.7990799907637,272.300018310547
-70.2594040371076,41.6370081342144,273.300018310547
-72.1932314948394,41.5937984597052,272
-72.6567443006984,41.8404304278465,273.200012207031
-72.2388058639291,40.9667485487377,274.399993896484
-72.9213790564021,40.8913044657651,NA
-70.3539453458359,41.0200817554621,264.100006103516
-71.9447715861705,41.1152198612267,275.800018310547
-73.0047937241686,41.3264737807728,273.600006103516
-72.5878084220604,41.292271218904,273
-69.9990090937885,40.8406180801787,NA
-69.9941821004702,41.670730153756,275
-69.6005403949673,41.3349112974998,264.100006103516
-71.0788266966552,41.2001308017316,264.100006103516
-72.1834595234425,40.9914163577581,274.5
-72.9720310131076,41.0747768491419,274.300018310547
-72.0092269457473,41.2027057011174,274.399993896484
-70.0135869094193,41.5793741328279,274.399993896484
-72.9253687041763,41.3525530951667,273.600006103516
-73.0291383578412,41.3793752123308,272.899993896484
-71.1298650875562,41.6843985998352,273.5
-69.9995433364986,41.2698433185471,274.700012207031
-73.2111654569535,40.9941054714179,274.399993896484
-70.4782588088017,41.4364272823919,273.800018310547
-71.0359399848374,41.1081592211813,264.100006103516
-70.3782807759187,40.9826088697193,264.100006103516
-71.7819369766197,41.6676499420734,271.399993896484
-70.3232503498789,41.5416811582339,264.100006103516
-69.4905726000147,41.4680972566673,264.100006103516
-72.8628965924652,41.6382174891426,272.5
-70.2855693369872,41.4106372578175,264.100006103516
-71.7280359542649,41.8828786423028,272.100006103516
-72.010913836674,41.4125033323935,272.700012207031
-70.1682874580223,41.0218807147619,264.100006103516
-70.982174060544,41.6252364979058,273.5
-72.2903251190318,41.4687633513175,271.300018310547
-70.0036821088246,41.56972379107,274.399993896484
-72.1803295745768,41.2132384538094,273.700012207031
-71.0447121099591,41.1537888799194,264.100006103516
-70.0237028203046,41.4947425069589,264.100006103516
-70.1494819932353,41.5741460884785,264.100006103516
-70.074710934642,41.2377247858177,274.600006103516
-73.0266973987801,41.3168869886733,273.600006103516
-69.5244416580968,41.5867893807769,264.100006103516
-69.8159783746691,40.9553765973152,264.100006103516
-69.5900448333552,41.0921747819595,264.100006103516
-72.9046622351793,41.2651033608213,274.5
-71.2752275215787,41.1601615037616,264.100006103516
-73.3427130975425,41.2020407314228,273.800018310547
-70.4440424209421,41.7089356774516,273
-71.9121378949287,41.1187979989845,275.899993896484
-70.3722986583841,41.7704183215,273.399993896484
-70.2907545959091,41.013095383154,264.100006103516
-69.7090512442236,41.1468060556341,264.100006103516
-71.8171012889434,41.4193162573814,272.800018310547
-72.8333030493353,40.8590999353741,NA
-70.2039186697164,41.5984445852971,273.600006103516
-71.4597407489243,41.6911810097041,273.300018310547
-71.8047895198507,41.7901545248208,272
-69.9600143375848,41.5560572625541,274.5
